Locus	Chromosome	Allele	Q1	Q2	AverageCoverage	CoverageFirstDecile	MinimumCoverage	proportionkMersCovered	LocusAvgColumnError	NColumns_UnaccountedAllele_fGT0.2	perfectG	Sample
A	1	A*24:02:01G	1	-39	1625.39	981	849	1	2.54386e-05	0	1	IRID001
A	2	A*68:01:02G	1	-39	1625.39	981	849	1	2.54386e-05	0	1	IRID001
B	1	B*35:01:01G	1	-3	1352.79	831	790	1	1.30834e-06	0	1	IRID001
B	2	B*35:05:01	1	-3	1352.79	831	790	1	1.30834e-06	0	0	IRID001
C	1	C*04:01:01G	1	-1	1430.32	821	635	1	1.19105e-06	0	1	IRID001
C	2	C*04:01:01G	1	-1	1430.32	821	635	1	1.19105e-06	0	1	IRID001
DQA1	1	DQA1*01:01:01G	0.1	-0	0	0	0	0	0	0	1	IRID001
DQA1	2	DQA1*01:01:01G	0.00526316	-0	0	0	0	0	0	0	1	IRID001
DQB1	1	DQB1*03:02:01G	0.99023	-3	13.9778	4	3	1	0.000794913	0	1	IRID001
DQB1	2	DQB1*03:02:01G	0.699677	-3	13.9778	4	3	1	0.000794913	0	1	IRID001
DRB1	1	DRB1*04:04:01	1	-4	783.782	483	325	1	0	0	1	IRID001
DRB1	2	DRB1*04:07:01G	1	-4	783.782	483	325	1	0	0	1	IRID001
DPA1	1	DPA1*01:03:01G	0.0621876	-0	0.00813008	0	0	0	0	0	1	IRID001
DPA1	2	DPA1*01:03:01G	0.00198995	-0	0.00813008	0	0	0	0	0	1	IRID001
DPB1	1	DPB1*04:02:01G	1	-0	259.057	77	37	1	0	0	1	IRID001
DPB1	2	DPB1*23:01:01G	1	-0	259.057	77	37	1	0	0	1	IRID001
DRB3	1	DRB3*01:01:02G	0.0377358	-0	0	0	0	0.258333	0	0	1	IRID001
DRB3	2	DRB3*01:01:02G	0.000725689	-0	0	0	0	0.258333	0	0	1	IRID001
DRB4	1	DRB4*01:01:01G	1	-0	458.054	63	44	1	0	0	1	IRID001
DRB4	2	DRB4*01:01:01G	1	-0	458.054	63	44	1	0	0	1	IRID001
E	1	E*01:01:01G	1	-0	2416.71	1494	1080	1	0	0	1	IRID001
E	2	E*01:03:02G	1	-0	2416.71	1494	1080	1	0	0	1	IRID001
F	1	F*01:01:01G	1	-0	468.617	141	115	1	0	0	1	IRID001
F	2	F*01:01:01G	1	-0	468.617	141	115	1	0	0	1	IRID001
G	1	G*01:01:02G	1	-1	2085.96	884	679	1	0	0	1	IRID001
G	2	G*01:04:01G	1	-1	2085.96	884	679	1	0	0	1	IRID001
A	1	A*02:01:01G	1	-12	1728.03	1201	874	1	0	0	1	IRID002
A	2	A*03:01:01G	1	-12	1728.03	1201	874	1	0	0	1	IRID002
B	1	B*07:02:01G	1	-16	1629.8	1058	933	1	5.42983e-06	0	1	IRID002
B	2	B*35:01:01G	1	-16	1629.8	1058	933	1	5.42983e-06	0	1	IRID002
C	1	C*04:01:01G	1	-11	1444.03	803	642	1	0	0	1	IRID002
C	2	C*07:02:01G	1	-11	1444.03	803	642	1	0	0	1	IRID002
DQA1	1	DQA1*01:01:01G	0.1	-0	0	0	0	0	0	0	1	IRID002
DQA1	2	DQA1*01:01:01G	0.00526316	-0	0	0	0	0	0	0	1	IRID002
DQB1	1	DQB1*05:03:01G	1	-0	48.5815	20	8	1	0	0	1	IRID002
DQB1	2	DQB1*03:01:01G	1	-0	48.5815	20	8	1	0	0	1	IRID002
DRB1	1	DRB1*04:07:01G	1	-5	744.415	573	467	1	9.76973e-06	0	1	IRID002
DRB1	2	DRB1*14:01:01G	1	-5	744.415	573	467	1	9.76973e-06	0	1	IRID002
DPA1	1	DPA1*01:03:01G	0.120741	-0	0.813008	0	0	0.324074	0	0	1	IRID002
DPA1	2	DPA1*01:03:01G	0.00680133	-0	0.813008	0	0	0.324074	0	0	1	IRID002
DPB1	1	DPB1*03:01:01G	1	-1	201.057	64	38	1	0	0	1	IRID002
DPB1	2	DPB1*04:01:01G	1	-1	201.057	64	38	1	0	0	1	IRID002
DRB3	1	DRB3*02:01:01G	1	-0	225.617	193	148	1	0	0	1	IRID002
DRB3	2	DRB3*02:01:01G	1	-0	225.617	193	148	1	0	0	1	IRID002
DRB4	1	DRB4*01:01:01G	1	-0	328.841	141	129	1	0	0	1	IRID002
DRB4	2	DRB4*03:01N	1	-0	328.841	141	129	-1	0	0	1	IRID002
E	1	E*01:03:02G	1	-0	2505.17	1545	1135	1	0	0	1	IRID002
E	2	E*01:03:02G	1	-0	2505.17	1545	1135	1	0	0	1	IRID002
F	1	F*01:01:01G	1	-0	472.821	151	99	1	0	0	1	IRID002
F	2	F*01:01:01G	1	-0	472.821	151	99	1	0	0	1	IRID002
G	1	G*01:01:01G	1	-0	2208.92	1070	792	1	0	0	1	IRID002
G	2	G*01:01:01G	1	-0	2208.92	1070	792	1	0	0	1	IRID002
A	1	A*02:01:01G	1	-0	1242	843	625	1	0	0	1	IRID003
A	2	A*02:11:01G	1	-0	1242	843	625	1	0	0	1	IRID003
B	1	B*35:05:01	1	-9	1253.67	834	763	1	1.41178e-06	0	0	IRID003
B	2	B*39:06:01	1	-9	1253.67	834	763	1	1.41178e-06	0	1	IRID003
C	1	C*04:01:01G	1	-5	1306.06	757	598	1	2.60874e-06	0	1	IRID003
C	2	C*07:02:01G	1	-5	1306.06	757	598	1	2.60874e-06	0	1	IRID003
DQA1	1	DQA1*01:01:01G	0.1	-0	0	0	0	0	0	0	1	IRID003
DQA1	2	DQA1*01:01:01G	0.00526316	-0	0	0	0	0	0	0	1	IRID003
DQB1	1	DQB1*03:01:01G	1	-1	20.6407	8	3	1	0	0	1	IRID003
DQB1	2	DQB1*03:137	0.027709	-1	20.6407	8	3	0.854167	0	0	1	IRID003
DRB1	1	DRB1*11:04:01G	1	-1	778.436	560	468	1	0	0	1	IRID003
DRB1	2	DRB1*14:02:01	1	-1	778.436	560	468	1	0	0	0	IRID003
DPA1	1	DPA1*01:03:01G	0.0555556	-0	0	0	0	0	0	0	1	IRID003
DPA1	2	DPA1*01:03:01G	0.0015873	-0	0	0	0	0	0	0	1	IRID003
DPB1	1	DPB1*04:02:01G	1	-4	255.386	76	41	1	5.93278e-05	0	1	IRID003
DPB1	2	DPB1*04:02:01G	1	-4	255.386	76	41	1	5.93278e-05	0	1	IRID003
DRB3	1	DRB3*01:01:02G	1	-0	393.09	290	220	1	0	0	1	IRID003
DRB3	2	DRB3*02:02:01G	1	-0	393.09	290	220	1	0	0	1	IRID003
DRB4	1	DRB4*03:01N	1	-0	183.014	183	183	-1	0	0	1	IRID003
DRB4	2	DRB4*03:01N	1	-0	183.014	183	183	-1	0	0	1	IRID003
E	1	E*01:01:01G	0.5	-0	2405.76	1483	1065	1	0	0	1	IRID003
E	2	E*01:03:02G	0.5	-0	2405.76	1483	1065	1	0	0	1	IRID003
F	1	F*01:01:01G	1	-0	428.04	100	48	1	0	0	1	IRID003
F	2	F*01:01:01G	1	-0	428.04	100	48	1	0	0	1	IRID003
G	1	G*01:01:01G	0.999333	-0	2051.25	859	599	1	0	0	1	IRID003
G	2	G*01:01:02G	0.999333	-0	2051.25	859	599	1	0	0	1	IRID003
A	1	A*02:01:01G	1	-217	1629.31	1095	810	1	0.00019738	0	1	IRID005
A	2	A*68:01:02G	1	-217	1629.31	1095	810	1	0.00019738	0	1	IRID005
B	1	B*15:05:01	1	-10	1510.74	895	679	1	0	0	1	IRID005
B	2	B*40:02:01G	1	-10	1510.74	895	679	1	0	0	1	IRID005
C	1	C*01:02:01G	1	-26	1405.81	959	616	1	1.21181e-06	0	1	IRID005
C	2	C*03:04:01G	1	-26	1405.81	959	616	1	1.21181e-06	0	1	IRID005
DQA1	1	DQA1*01:01:01G	0.1	-0	0	0	0	0	0	0	1	IRID005
DQA1	2	DQA1*01:01:01G	0.00526316	-0	0	0	0	0	0	0	1	IRID005
DQB1	1	DQB1*03:03:02G	0.99924	-1	23	6	2	1	0.000161031	0	1	IRID005
DQB1	2	DQB1*03:03:02G	0.921104	-1	23	6	2	1	0.000161031	0	1	IRID005
DRB1	1	DRB1*09:01:02G	1	-0	312.887	182	133	1	0	0	1	IRID005
DRB1	2	DRB1*09:01:02G	1	-0	312.887	182	133	1	0	0	1	IRID005
DPA1	1	DPA1*01:03:01G	0.0925897	-0	0.0934959	0	0	0	0	0	1	IRID005
DPA1	2	DPA1*01:03:01G	0.00370354	-0	0.0934959	0	0	0	0	0	1	IRID005
DPB1	1	DPB1*04:02:01G	1	-1	248.701	72	38	1	0	0	1	IRID005
DPB1	2	DPB1*14:01:01	1	-1	248.701	72	38	1	0	0	0	IRID005
DRB3	1	DRB3*01:01:02G	0.0377358	-0	0	0	0	0.291667	0	0	1	IRID005
DRB3	2	DRB3*01:01:02G	0.000725689	-0	0	0	0	0.291667	0	0	1	IRID005
DRB4	1	DRB4*01:01:01G	1	-0	426.592	67	42	1	0	0	1	IRID005
DRB4	2	DRB4*01:01:01G	1	-0	426.592	67	42	1	0	0	1	IRID005
E	1	E*01:01:01G	0.999333	-0	2615.7	1576	1165	1	0	0	1	IRID005
E	2	E*01:03:02G	0.999333	-0	2615.7	1576	1165	1	0	0	1	IRID005
F	1	F*01:01:01G	1	-0	472.507	149	115	1	0	0	1	IRID005
F	2	F*01:01:01G	1	-0	472.507	149	115	1	0	0	1	IRID005
G	1	G*01:01:01G	1	-0	2263	1094	773	1	0	0	1	IRID005
G	2	G*01:01:02G	1	-0	2263	1094	773	1	0	0	1	IRID005
A	1	A*24:02:01G	1	-0	1153.42	543	421	1	0	0	1	IRID006
A	2	A*24:02:01G	1	-0	1153.42	543	421	1	0	0	1	IRID006
B	1	B*35:05:01	1	-9	1063.65	640	598	1	1.49759e-05	0	0	IRID006
B	2	B*35:05:01	1	-9	1063.65	640	598	1	1.49759e-05	0	0	IRID006
C	1	C*04:01:01G	1	-0	1042.16	633	500	1	0	0	1	IRID006
C	2	C*04:01:01G	1	-0	1042.16	633	500	1	0	0	1	IRID006
DQA1	1	DQA1*01:01:01G	0.1	-0	0	0	0	0	0	0	1	IRID006
DQA1	2	DQA1*01:01:01G	0.00526316	-0	0	0	0	0	0	0	1	IRID006
DQB1	1	DQB1*04:02:01G	1	-16	17.8333	6	4	1	0.00186916	0	1	IRID006
DQB1	2	DQB1*03:02:01G	0.998334	-16	17.8333	6	4	1	0.00186916	0	1	IRID006
DRB1	1	DRB1*04:04:01	1	-3	613.665	425	337	1	0	0	1	IRID006
DRB1	2	DRB1*08:02:01	1	-3	613.665	425	337	1	0	0	0	IRID006
DPA1	1	DPA1*01:03:01G	0.608927	-0	1.05691	1	0	0.925926	0	0	1	IRID006
DPA1	2	DPA1*01:03:01G	0.0487054	-0	1.05691	1	0	0.925926	0	0	1	IRID006
DPB1	1	DPB1*03:01:01G	1	-0	191.223	59	35	1	0	0	1	IRID006
DPB1	2	DPB1*04:02:01G	1	-0	191.223	59	35	1	0	0	1	IRID006
DRB3	1	DRB3*02:01:01G	0.509352	-0	0.389892	0	0	0.5	0	0	1	IRID006
DRB3	2	DRB3*02:01:01G	0.0188648	-0	0.389892	0	0	0.5	0	0	1	IRID006
DRB4	1	DRB4*01:01:01G	1	-0	155.733	29	26	1	0	0	1	IRID006
DRB4	2	DRB4*03:01N	1	-0	155.733	29	26	-1	0	0	1	IRID006
E	1	E*01:03:02G	1	-0	1955.26	1206	899	1	0	0	1	IRID006
E	2	E*01:03:02G	1	-0	1955.26	1206	899	1	0	0	1	IRID006
F	1	F*01:01:01G	1	-0	395.832	108	84	1	0	0	1	IRID006
F	2	F*01:01:01G	1	-0	395.832	108	84	1	0	0	1	IRID006
G	1	G*01:04:01G	1	-0	1622.31	772	532	1	0	0	1	IRID006
G	2	G*01:04:01G	1	-0	1622.31	772	532	1	0	0	1	IRID006
A	1	A*68:01:02G	1	-237	1817.05	1220	899	1	0.000199742	0	1	IRID007
A	2	A*68:01:02G	1	-237	1817.05	1220	899	1	0.000199742	0	1	IRID007
B	1	B*35:09:01	1	-31	1389.01	697	612	1	1.27422e-06	0	1	IRID007
B	2	B*51:01:01G	1	-31	1389.01	697	612	1	1.27422e-06	0	1	IRID007
C	1	C*01:02:01G	1	-50	1574.51	907	599	1	4.3279e-06	0	1	IRID007
C	2	C*15:02:01G	1	-50	1574.51	907	599	1	4.3279e-06	0	1	IRID007
DQA1	1	DQA1*01:01:01G	0.1	-0	0	0	0	0	0	0	1	IRID007
DQA1	2	DQA1*01:01:01G	0.00526316	-0	0	0	0	0	0	0	1	IRID007
DQB1	1	DQB1*03:02:01G	1	-0	17.5889	7	4	1	0	0	1	IRID007
DQB1	2	DQB1*03:01:01G	0.999666	-0	17.5889	7	4	1	0	0	1	IRID007
DRB1	1	DRB1*04:73	1	-3330	1346.45	1014	684	0.9375	0.00471001	4	0	IRID007
DRB1	2	DRB1*16:02:01	1	-3330	1346.45	1014	684	1	0.00471001	4	0	IRID007
DPA1	1	DPA1*01:03:01G	0.0555556	-0	0	0	0	0	0	0	1	IRID007
DPA1	2	DPA1*01:03:01G	0.0015873	-0	0	0	0	0	0	0	1	IRID007
DPB1	1	DPB1*04:02:01G	1	-0	216.057	70	40	1	0	0	1	IRID007
DPB1	2	DPB1*14:01:01	1	-0	216.057	70	40	1	0	0	0	IRID007
DRB3	1	DRB3*01:01:02G	0.0377358	-0	0	0	0	0.245833	0	0	1	IRID007
DRB3	2	DRB3*01:01:02G	0.000725689	-0	0	0	0	0.245833	0	0	1	IRID007
DRB4	1	DRB4*01:01:01G	1	-0	226.455	55	41	1	0	0	1	IRID007
DRB4	2	DRB4*01:01:01G	1	-0	226.455	55	41	1	0	0	1	IRID007
E	1	E*01:01:01G	1	-0	2443.68	1568	1133	1	0	0	1	IRID007
E	2	E*01:03:01G	1	-0	2443.68	1568	1133	1	0	0	1	IRID007
F	1	F*01:01:01G	1	-0	448.973	162	151	1	0	0	1	IRID007
F	2	F*01:01:01G	1	-0	448.973	162	151	1	0	0	1	IRID007
G	1	G*01:01:02G	1	-0	2203.09	1032	740	1	0	0	1	IRID007
G	2	G*01:01:02G	1	-0	2203.09	1032	740	1	0	0	1	IRID007
A	1	A*02:01:01G	1	-0	1263.08	863	614	1	0	0	1	IRID008
A	2	A*02:01:01G	1	-0	1263.08	863	614	1	0	0	1	IRID008
B	1	B*35:01:01G	1	-2	1237.72	712	665	1	1.42997e-06	0	1	IRID008
B	2	B*35:09:01	1	-2	1237.72	712	665	1	1.42997e-06	0	1	IRID008
C	1	C*04:01:01G	1	-2	1238.04	699	546	1	2.75205e-06	0	1	IRID008
C	2	C*04:01:01G	1	-2	1238.04	699	546	1	2.75205e-06	0	1	IRID008
DQA1	1	DQA1*01:01:01G	0.1	-0	0	0	0	0	0	0	1	IRID008
DQA1	2	DQA1*01:01:01G	0.00526316	-0	0	0	0	0	0	0	1	IRID008
DQB1	1	DQB1*03:02:01G	0.888625	-1	16.2333	3	1	0.983333	0.000228154	0	1	IRID008
DQB1	2	DQB1*03:03:02G	0.444164	-1	16.2333	3	1	0.983333	0.000228154	0	1	IRID008
DRB1	1	DRB1*04:07:01G	1	-0	440.465	271	188	1	0	0	1	IRID008
DRB1	2	DRB1*09:01:02G	1	-0	440.465	271	188	1	0	0	1	IRID008
DPA1	1	DPA1*01:03:01G	0.0555556	-0	0	0	0	0	0	0	1	IRID008
DPA1	2	DPA1*01:03:01G	0.0015873	-0	0	0	0	0	0	0	1	IRID008
DPB1	1	DPB1*04:02:01G	1	-0	224.602	79	32	1	0	0	1	IRID008
DPB1	2	DPB1*05:01:01G	1	-0	224.602	79	32	1	0	0	1	IRID008
DRB3	1	DRB3*01:01:02G	0.0377358	-0	0	0	0	0.333333	0	0	1	IRID008
DRB3	2	DRB3*01:01:02G	0.000725689	-0	0	0	0	0.333333	0	0	1	IRID008
DRB4	1	DRB4*01:01:01G	1	-0	391.04	74	49	1	0	0	1	IRID008
DRB4	2	DRB4*01:01:01G	1	-0	391.04	74	49	1	0	0	1	IRID008
E	1	E*01:01:01G	1	-0	2163.45	1307	972	1	0	0	1	IRID008
E	2	E*01:01:01G	1	-0	2163.45	1307	972	1	0	0	1	IRID008
F	1	F*01:01:01G	1	-0	428.222	114	92	1	0	0	1	IRID008
F	2	F*01:01:01G	1	-0	428.222	114	92	1	0	0	1	IRID008
G	1	G*01:01:01G	1	-0	1900.73	862	611	1	0	0	1	IRID008
G	2	G*01:01:02G	1	-0	1900.73	862	611	1	0	0	1	IRID008
A	1	A*23:01:01G	1	-2	1766.04	746	596	1	0	0	1	IRID009
A	2	A*24:02:01G	1	-2	1766.04	746	596	1	0	0	1	IRID009
B	1	B*40:64	1	-8	1781.18	981	812	1	0	0	0	IRID009
B	2	B*58:01:01G	1	-8	1781.18	981	812	1	0	0	1	IRID009
C	1	C*03:04:01G	1	-147	1767.32	1131	886	1	7.51867e-05	0	1	IRID009
C	2	C*07:01:01G	1	-147	1767.32	1131	886	1	7.51867e-05	0	1	IRID009
DQA1	1	DQA1*01:01:01G	0.1	-0	0	0	0	0	0	0	1	IRID009
DQA1	2	DQA1*01:01:01G	0.00526316	-0	0	0	0	0	0	0	1	IRID009
DQB1	1	DQB1*04:02:01G	1	-1	54.4	16	11	1	6.80828e-05	0	1	IRID009
DQB1	2	DQB1*04:02:01G	0.999999	-1	54.4	16	11	1	6.80828e-05	0	1	IRID009
DRB1	1	DRB1*03:02:01	1	-50	692.691	477	320	1	0	0	1	IRID009
DRB1	2	DRB1*08:02:01	1	-50	692.691	477	320	1	0	0	0	IRID009
DPA1	1	DPA1*01:03:01G	0.0555556	-0	0	0	0	0	0	0	1	IRID009
DPA1	2	DPA1*01:03:01G	0.0015873	-0	0	0	0	0	0	0	1	IRID009
DPB1	1	DPB1*01:01:01G	1	-3	283.564	81	44	1	1.33581e-05	0	1	IRID009
DPB1	2	DPB1*05:01:01G	1	-3	283.564	81	44	1	1.33581e-05	0	1	IRID009
DRB3	1	DRB3*03:01:01G	1	-48	406.581	309	255	1	0.000426201	0	1	IRID009
DRB3	2	DRB3*03:01:01G	1	-48	406.581	309	255	1	0.000426201	0	1	IRID009
DRB4	1	DRB4*03:01N	1	-0	103	103	103	-1	0	0	1	IRID009
DRB4	2	DRB4*03:01N	1	-0	103	103	103	-1	0	0	1	IRID009
E	1	E*01:01:01G	0.5	-0	3040.83	2071	1589	1	0	0	1	IRID009
E	2	E*01:03:02G	0.5	-0	3040.83	2071	1589	1	0	0	1	IRID009
F	1	F*01:01:01G	1	-0	592.046	180	145	1	0	0	1	IRID009
F	2	F*01:01:01G	1	-0	592.046	180	145	1	0	0	1	IRID009
G	1	G*01:04:01G	1	-0	2550.52	1161	892	1	0	0	1	IRID009
G	2	G*01:04:01G	1	-0	2550.52	1161	892	1	0	0	1	IRID009
A	1	A*02:01:01G	1	-1	1319.16	933	662	1	1.16088e-06	0	1	IRID010
A	2	A*02:01:01G	1	-1	1319.16	933	662	1	1.16088e-06	0	1	IRID010
B	1	B*35:01:01G	1	-1	1262.42	766	714	1	0	0	1	IRID010
B	2	B*35:05:01	1	-1	1262.42	766	714	1	0	0	0	IRID010
C	1	C*04:01:01G	1	-1	1214.21	749	558	1	1.40304e-06	0	1	IRID010
C	2	C*04:01:01G	1	-1	1214.21	749	558	1	1.40304e-06	0	1	IRID010
DQA1	1	DQA1*01:01:01G	0.1	-0	0	0	0	0	0	0	1	IRID010
DQA1	2	DQA1*01:01:01G	0.00526316	-0	0	0	0	0	0	0	1	IRID010
DQB1	1	DQB1*04:02:01G	1	-20	31.6852	10	6	1	0.000116891	0	1	IRID010
DQB1	2	DQB1*03:02:01G	0.999333	-20	31.6852	10	6	1	0.000116891	0	1	IRID010
DRB1	1	DRB1*04:07:01G	1	-1	600.418	437	335	1	0	0	1	IRID010
DRB1	2	DRB1*08:02:01	1	-1	600.418	437	335	1	0	0	0	IRID010
DPA1	1	DPA1*01:03:01G	0.0555556	-0	0	0	0	0	0	0	1	IRID010
DPA1	2	DPA1*01:03:01G	0.0015873	-0	0	0	0	0	0	0	1	IRID010
DPB1	1	DPB1*03:01:01G	1	-1	179.28	64	43	1	0	0	1	IRID010
DPB1	2	DPB1*04:01:01G	1	-1	179.28	64	43	1	0	0	1	IRID010
DRB3	1	DRB3*01:01:02G	0.0377358	-0	0	0	0	0.2125	0	0	1	IRID010
DRB3	2	DRB3*01:01:02G	0.000725689	-0	0	0	0	0.2125	0	0	1	IRID010
DRB4	1	DRB4*01:01:01G	1	-0	206.993	31	23	1	0	0	1	IRID010
DRB4	2	DRB4*01:01:01G	1	-0	206.993	31	23	1	0	0	1	IRID010
E	1	E*01:01:01G	1	-0	2301.62	1402	1054	1	0	0	1	IRID010
E	2	E*01:01:01G	1	-0	2301.62	1402	1054	1	0	0	1	IRID010
F	1	F*01:01:01G	1	-0	441.936	114	77	1	0	0	1	IRID010
F	2	F*01:01:01G	1	-0	441.936	114	77	1	0	0	1	IRID010
G	1	G*01:01:01G	1	-0	1940.65	886	643	1	0	0	1	IRID010
G	2	G*01:01:02G	1	-0	1940.65	886	643	1	0	0	1	IRID010
A	1	A*02:01:01G	1	-74	1487.93	994	792	1	2.77887e-05	0	1	IRID011
A	2	A*68:02:01G	1	-74	1487.93	994	792	1	2.77887e-05	0	1	IRID011
B	1	B*15:16:01	1	-1	1368.56	667	465	1	0	0	0	IRID011
B	2	B*57:01:01G	1	-1	1368.56	667	465	1	0	0	1	IRID011
C	1	C*06:02:01G	1	-20	1530.97	871	719	1	6.67646e-06	0	1	IRID011
C	2	C*14:02:01G	1	-20	1530.97	871	719	1	6.67646e-06	0	1	IRID011
DQA1	1	DQA1*01:01:01G	0.1	-0	0	0	0	0	0	0	1	IRID011
DQA1	2	DQA1*01:01:01G	0.00526316	-0	0	0	0	0	0	0	1	IRID011
DQB1	1	DQB1*05:01:01G	0.998999	-5	24.5556	6	3	0.945833	0.000603318	0	1	IRID011
DQB1	2	DQB1*03:01:01G	0.996317	-5	24.5556	6	3	1	0.000603318	0	1	IRID011
DRB1	1	DRB1*01:02:01G	1	-20	1434.37	1129	836	1	3.80273e-05	0	1	IRID011
DRB1	2	DRB1*15:01:01G	1	-20	1434.37	1129	836	1	3.80273e-05	0	1	IRID011
DPA1	1	DPA1*01:08	0.097872	-0	0.845528	0	0	0.342593	0	0	1	IRID011
DPA1	2	DPA1*01:08	0.00471627	-0	0.845528	0	0	0.342593	0	0	1	IRID011
DPB1	1	DPB1*01:01:01G	1	-1	213.034	66	40	1	1.77806e-05	0	1	IRID011
DPB1	2	DPB1*04:02:01G	1	-1	213.034	66	40	1	1.77806e-05	0	1	IRID011
DRB3	1	DRB3*01:01:02G	0.0377358	-0	0	0	0	0.3625	0	0	1	IRID011
DRB3	2	DRB3*01:01:02G	0.000725689	-0	0	0	0	0.3625	0	0	1	IRID011
DRB4	1	DRB4*03:01N	1	-0	52	52	52	-1	0	0	1	IRID011
DRB4	2	DRB4*03:01N	1	-0	52	52	52	-1	0	0	1	IRID011
E	1	E*01:03:02G	1	-0	2525.41	1583	1095	1	0	0	1	IRID011
E	2	E*01:03:02G	1	-0	2525.41	1583	1095	1	0	0	1	IRID011
F	1	F*01:01:01G	1	-0	437.264	111	83	1	0	0	1	IRID011
F	2	F*01:01:01G	1	-0	437.264	111	83	1	0	0	1	IRID011
G	1	G*01:01:01G	1	-0	2110.8	981	699	1	0	0	1	IRID011
G	2	G*01:01:02G	1	-0	2110.8	981	699	1	0	0	1	IRID011
A	1	A*02:22:01G	1	-0	1236.34	798	643	1	0	0	1	IRID012
A	2	A*02:22:01G	1	-0	1236.34	798	643	1	0	0	1	IRID012
B	1	B*15:05:01	1	-20	1456.45	866	780	1	1.0937e-05	0	1	IRID012
B	2	B*48:01:01G	1	-20	1456.45	866	780	1	1.0937e-05	0	1	IRID012
C	1	C*03:03:01G	1	-7	1144.48	782	537	1	0	0	1	IRID012
C	2	C*08:03:01G	1	-7	1144.48	782	537	1	0	0	1	IRID012
DQA1	1	DQA1*05:01:01G	0.524842	-0	0.566265	0	0	0.513889	0	0	1	IRID012
DQA1	2	DQA1*05:01:01G	0.0499833	-0	0.566265	0	0	0.513889	0	0	1	IRID012
DQB1	1	DQB1*03:01:01G	0.932656	-1	13.5074	4	1	1	0.000274198	0	1	IRID012
DQB1	2	DQB1*03:01:01G	0.373794	-1	13.5074	4	1	1	0.000274198	0	1	IRID012
DRB1	1	DRB1*14:02:01	1	-1	700.756	479	379	1	5.1892e-06	0	0	IRID012
DRB1	2	DRB1*14:02:01	1	-1	700.756	479	379	1	5.1892e-06	0	0	IRID012
DPA1	1	DPA1*01:03:01G	0.0555556	-0	0	0	0	0	0	0	1	IRID012
DPA1	2	DPA1*01:03:01G	0.0015873	-0	0	0	0	0	0	0	1	IRID012
DPB1	1	DPB1*04:02:01G	1	-0	207.871	68	39	1	0	0	1	IRID012
DPB1	2	DPB1*14:01:01	1	-0	207.871	68	39	1	0	0	0	IRID012
DRB3	1	DRB3*01:01:02G	1	-0	369.224	253	197	1	0	0	1	IRID012
DRB3	2	DRB3*01:01:02G	1	-0	369.224	253	197	1	0	0	1	IRID012
DRB4	1	DRB4*03:01N	1	-0	232	232	232	-1	0	0	1	IRID012
DRB4	2	DRB4*03:01N	1	-0	232	232	232	-1	0	0	1	IRID012
E	1	E*01:01:01G	1	-0	2256.21	1439	1008	1	0	0	1	IRID012
E	2	E*01:01:01G	1	-0	2256.21	1439	1008	1	0	0	1	IRID012
F	1	F*01:01:01G	1	-0	404.886	95	85	1	0	0	1	IRID012
F	2	F*01:01:01G	1	-0	404.886	95	85	1	0	0	1	IRID012
G	1	G*01:01:01G	1	-0	1996.48	947	673	1	0	0	1	IRID012
G	2	G*01:01:01G	1	-0	1996.48	947	673	1	0	0	1	IRID012
A	1	A*02:01:01G	1	-37	1376.54	952	709	1	1.44624e-05	0	1	IRID013
A	2	A*68:17	1	-37	1376.54	952	709	1	1.44624e-05	0	1	IRID013
B	1	B*35:20:01	1	-2	1304.6	788	707	1	0	0	1	IRID013
B	2	B*48:01:01G	1	-2	1304.6	788	707	1	0	0	1	IRID013
C	1	C*04:01:01G	1	-39	1138.18	718	571	1	0	0	1	IRID013
C	2	C*08:01:01G	1	-39	1138.18	718	571	1	0	0	1	IRID013
DQA1	1	DQA1*01:01:01G	0.1	-0	0	0	0	0	0	0	1	IRID013
DQA1	2	DQA1*01:01:01G	0.00526316	-0	0	0	0	0	0	0	1	IRID013
DQB1	1	DQB1*03:02:01G	1	-1	22.8296	8	6	1	0.000162232	0	1	IRID013
DQB1	2	DQB1*03:03:02G	0.799779	-1	22.8296	8	6	1	0.000162232	0	1	IRID013
DRB1	1	DRB1*09:01:02G	1	-0	273.4	149	123	1	0	0	1	IRID013
DRB1	2	DRB1*09:01:02G	1	-0	273.4	149	123	1	0	0	1	IRID013
DPA1	1	DPA1*01:03:01G	0.0555556	-0	0	0	0	0	0	0	1	IRID013
DPA1	2	DPA1*01:03:01G	0.0015873	-0	0	0	0	0	0	0	1	IRID013
DPB1	1	DPB1*04:02:01G	1	-1	236.144	67	43	1	1.60406e-05	0	1	IRID013
DPB1	2	DPB1*23:01:01G	1	-1	236.144	67	43	1	1.60406e-05	0	1	IRID013
DRB3	1	DRB3*01:01:02G	0.0377358	-0	0	0	0	0.283333	0	0	1	IRID013
DRB3	2	DRB3*01:01:02G	0.000725689	-0	0	0	0	0.283333	0	0	1	IRID013
DRB4	1	DRB4*01:01:01G	1	-0	435.776	81	54	1	0	0	1	IRID013
DRB4	2	DRB4*01:01:01G	1	-0	435.776	81	54	1	0	0	1	IRID013
E	1	E*01:01:01G	1	-0	2263.72	1402	1012	1	0	0	1	IRID013
E	2	E*01:01:01G	1	-0	2263.72	1402	1012	1	0	0	1	IRID013
F	1	F*01:01:01G	1	-0	401.755	126	110	1	0	0	1	IRID013
F	2	F*01:01:01G	1	-0	401.755	126	110	1	0	0	1	IRID013
G	1	G*01:01:02G	1	-0	1897.97	794	563	1	0	0	1	IRID013
G	2	G*01:01:02G	1	-0	1897.97	794	563	1	0	0	1	IRID013
A	1	A*03:01:01G	1	-11	1595.12	977	824	1	2.88015e-06	0	1	IRID014
A	2	A*66:01:01G	1	-11	1595.12	977	824	1	2.88015e-06	0	1	IRID014
B	1	B*51:01:01G	1	-4	1141.46	494	392	1	0	0	1	IRID014
B	2	B*57:01:01G	1	-4	1141.46	494	392	1	0	0	1	IRID014
C	1	C*04:01:01G	1	-12	1308.04	707	610	1	1.30239e-06	0	1	IRID014
C	2	C*06:02:01G	1	-12	1308.04	707	610	1	1.30239e-06	0	1	IRID014
DQA1	1	DQA1*01:01:01G	0.1	-0	0	0	0	0	0	0	1	IRID014
DQA1	2	DQA1*01:01:01G	0.00526316	-0	0	0	0	0	0	0	1	IRID014
DQB1	1	DQB1*03:03:02G	1	-1	20.4481	9	5	1	0.000181127	0	1	IRID014
DQB1	2	DQB1*06:02:01G	1	-1	20.4481	9	5	1	0.000181127	0	1	IRID014
DRB1	1	DRB1*15:01:01G	1	-15	1172.54	912	651	1	3.10127e-06	0	1	IRID014
DRB1	2	DRB1*09:01:02G	0.499833	-15	1172.54	912	651	1	3.10127e-06	0	1	IRID014
DPA1	1	DPA1*01:03:01G	0.0555556	-0	0	0	0	0	0	0	1	IRID014
DPA1	2	DPA1*01:03:01G	0.0015873	-0	0	0	0	0	0	0	1	IRID014
DPB1	1	DPB1*01:01:01G	1	-0	185.53	58	29	1	0	0	1	IRID014
DPB1	2	DPB1*13:01:01G	1	-0	185.53	58	29	1	0	0	1	IRID014
DRB3	1	DRB3*01:01:02G	0.0377358	-0	0	0	0	0.370833	0	0	1	IRID014
DRB3	2	DRB3*01:01:02G	0.000725689	-0	0	0	0	0.370833	0	0	1	IRID014
DRB4	1	DRB4*01:01:01G	1	-0	180.314	45	25	1	0	0	1	IRID014
DRB4	2	DRB4*01:01:01G	1	-0	180.314	45	25	1	0	0	1	IRID014
E	1	E*01:03:02G	1	-0	2295.65	1472	979	1	0	0	1	IRID014
E	2	E*01:03:02G	1	-0	2295.65	1472	979	1	0	0	1	IRID014
F	1	F*01:01:01G	1	-0	367.211	98	50	1	0	0	1	IRID014
F	2	F*01:01:01G	1	-0	367.211	98	50	1	0	0	1	IRID014
G	1	G*01:01:01G	0.999333	-0	1991.69	859	614	1	0	0	1	IRID014
G	2	G*01:01:02G	0.999333	-0	1991.69	859	614	1	0	0	1	IRID014
A	1	A*02:01:01G	1	-349	1499.98	1029	755	1	0.000332828	0	1	IRID015
A	2	A*68:02:01G	1	-349	1499.98	1029	755	1	0.000332828	0	1	IRID015
B	1	B*14:02:01	1	-12	1374.86	878	793	1	0	0	0	IRID015
B	2	B*35:05:01	1	-12	1374.86	878	793	1	0	0	0	IRID015
C	1	C*08:02:01G	1	-4	1351.44	908	678	1	1.26056e-06	0	1	IRID015
C	2	C*08:03:01G	1	-4	1351.44	908	678	1	1.26056e-06	0	1	IRID015
DQA1	1	DQA1*01:01:01G	0.1	-0	0	0	0	0	0	0	1	IRID015
DQA1	2	DQA1*01:01:01G	0.00526316	-0	0	0	0	0	0	0	1	IRID015
DQB1	1	DQB1*05:01:01G	0.999999	-2	17.6778	4	4	1	0.000419024	0	1	IRID015
DQB1	2	DQB1*03:02:01G	0.998999	-2	17.6778	4	4	1	0.000419024	0	1	IRID015
DRB1	1	DRB1*01:02:01G	1	-7	830.196	550	426	1	4.38012e-06	0	1	IRID015
DRB1	2	DRB1*04:04:01	1	-7	830.196	550	426	1	4.38012e-06	0	1	IRID015
DPA1	1	DPA1*01:03:01G	0.0555556	-0	0	0	0	0	0	0	1	IRID015
DPA1	2	DPA1*01:03:01G	0.0015873	-0	0	0	0	0	0	0	1	IRID015
DPB1	1	DPB1*04:02:01G	1	-0	237.689	78	39	1	0	0	1	IRID015
DPB1	2	DPB1*17:01:01G	1	-0	237.689	78	39	1	0	0	1	IRID015
DRB3	1	DRB3*01:01:02G	0.0377358	-0	0	0	0	0.15	0	0	1	IRID015
DRB3	2	DRB3*01:01:02G	0.000725689	-0	0	0	0	0.15	0	0	1	IRID015
DRB4	1	DRB4*01:01:01G	1	-0	302.755	137	121	1	0	0	1	IRID015
DRB4	2	DRB4*03:01N	1	-0	302.755	137	121	-1	0	0	1	IRID015
E	1	E*01:03:02G	1	-0	2490.14	1596	1193	1	0	0	1	IRID015
E	2	E*01:03:02G	1	-0	2490.14	1596	1193	1	0	0	1	IRID015
F	1	F*01:01:01G	1	-0	444.251	114	91	1	0	0	1	IRID015
F	2	F*01:01:01G	1	-0	444.251	114	91	1	0	0	1	IRID015
G	1	G*01:01:02G	1	-0	2205.8	976	698	1	0	0	1	IRID015
G	2	G*01:01:02G	1	-0	2205.8	976	698	1	0	0	1	IRID015
A	1	A*02:01:01G	1	-6	1382.85	810	733	1	3.32226e-06	0	1	IRID016
A	2	A*24:02:01G	1	-6	1382.85	810	733	1	3.32226e-06	0	1	IRID016
B	1	B*15:01:01G	1	-145	1534.43	825	732	1	0.000167252	0	1	IRID016
B	2	B*15:110	1	-145	1534.43	825	732	1	0.000167252	0	1	IRID016
C	1	C*01:02:01G	1	-0	1465.88	837	545	1	0	0	1	IRID016
C	2	C*01:02:01G	1	-0	1465.88	837	545	1	0	0	1	IRID016
DQA1	1	DQA1*01:01:01G	0.1	-0	0	0	0	0	0	0	1	IRID016
DQA1	2	DQA1*01:01:01G	0.00526316	-0	0	0	0	0	0	0	1	IRID016
DQB1	1	DQB1*04:02:01G	1	-46	38.3963	13	6	1	0.00019292	0	1	IRID016
DQB1	2	DQB1*03:02:01G	0.222189	-46	38.3963	13	6	0.8625	0.00019292	0	1	IRID016
DRB1	1	DRB1*04:04:01	1	-4	800.709	542	394	1	0	0	1	IRID016
DRB1	2	DRB1*08:02:01	1	-4	800.709	542	394	1	0	0	0	IRID016
DPA1	1	DPA1*01:03:01G	0.0555556	-0	0	0	0	0	0	0	1	IRID016
DPA1	2	DPA1*01:03:01G	0.0015873	-0	0	0	0	0	0	0	1	IRID016
DPB1	1	DPB1*04:02:01G	1	-0	250.216	83	49	1	0	0	1	IRID016
DPB1	2	DPB1*04:02:01G	1	-0	250.216	83	49	1	0	0	1	IRID016
DRB3	1	DRB3*01:01:02G	0.0377358	-0	0	0	0	0.154167	0	0	1	IRID016
DRB3	2	DRB3*01:01:02G	0.000725689	-0	0	0	0	0.154167	0	0	1	IRID016
DRB4	1	DRB4*01:01:01G	1	-0	236.191	45	35	1	0	0	1	IRID016
DRB4	2	DRB4*01:01:01G	1	-0	236.191	45	35	1	0	0	1	IRID016
E	1	E*01:01:01G	1	-0	2493.25	1477	1054	1	0	0	1	IRID016
E	2	E*01:03:02G	1	-0	2493.25	1477	1054	1	0	0	1	IRID016
F	1	F*01:01:01G	1	-0	470.101	135	94	1	0	0	1	IRID016
F	2	F*01:01:01G	1	-0	470.101	135	94	1	0	0	1	IRID016
G	1	G*01:01:02G	1	-3	2120.62	906	612	1	0	0	1	IRID016
G	2	G*01:04:01G	1	-3	2120.62	906	612	1	0	0	1	IRID016
A	1	A*24:02:01G	1	-13	1313.92	825	676	1	4.66206e-06	0	1	IRID020
A	2	A*68:02:01G	1	-13	1313.92	825	676	1	4.66206e-06	0	1	IRID020
B	1	B*35:43:01G	1	-90	1176.54	589	550	1	6.16779e-05	0	1	IRID020
B	2	B*53:01:01G	1	-90	1176.54	589	550	1	6.16779e-05	0	1	IRID020
C	1	C*01:02:01G	1	-26	1206.31	703	497	1	0	0	1	IRID020
C	2	C*04:01:01G	1	-26	1206.31	703	497	1	0	0	1	IRID020
DQA1	1	DQA1*01:01:01G	0.239975	-0	0.385542	0	0	0.30137	0	0	1	IRID020
DQA1	2	DQA1*01:01:01G	0.0199973	-0	0.385542	0	0	0.30137	0	0	1	IRID020
DQB1	1	DQB1*06:04:01G	1	-0	26.1444	7	3	1	0	0	1	IRID020
DQB1	2	DQB1*03:02:01G	0.166648	-0	26.1444	7	3	0.9125	0	0	1	IRID020
DRB1	1	DRB1*04:07:01G	1	-65	684.513	482	391	1	0	0	1	IRID020
DRB1	2	DRB1*13:02:01	1	-65	684.513	482	391	1	0	0	0	IRID020
DPA1	1	DPA1*01:03:01G	0.0555556	-0	0	0	0	0	0	0	1	IRID020
DPA1	2	DPA1*01:03:01G	0.0015873	-0	0	0	0	0	0	0	1	IRID020
DPB1	1	DPB1*14:01:01	1	-0	165.042	46	18	1	0	0	0	IRID020
DPB1	2	DPB1*03:01:01G	1	-0	165.042	46	18	1	0	0	1	IRID020
DRB3	1	DRB3*03:01:01G	1	-0	288.274	226	173	1	0	0	1	IRID020
DRB3	2	DRB3*03:01:01G	1	-0	288.274	226	173	1	0	0	1	IRID020
DRB4	1	DRB4*01:01:01G	1	-0	315.751	166	157	1	0	0	1	IRID020
DRB4	2	DRB4*03:01N	1	-0	315.751	166	157	-1	0	0	1	IRID020
E	1	E*01:01:01G	0.5	-0	2221.98	1325	884	1	0	0	1	IRID020
E	2	E*01:03:02G	0.5	-0	2221.98	1325	884	1	0	0	1	IRID020
F	1	F*01:01:01G	1	-0	409.764	129	100	1	0	0	1	IRID020
F	2	F*01:01:01G	1	-0	409.764	129	100	1	0	0	1	IRID020
G	1	G*01:01:02G	1	-1	1843.93	819	580	1	0	0	1	IRID020
G	2	G*01:04:01G	1	-1	1843.93	819	580	1	0	0	1	IRID020
A	1	A*02:01:01G	1	-2	1166.1	744	540	1	2.62652e-06	0	1	IRID021
A	2	A*02:01:01G	1	-2	1166.1	744	540	1	2.62652e-06	0	1	IRID021
B	1	B*35:05:01	1	-13	1123.15	740	685	1	1.41827e-05	0	0	IRID021
B	2	B*39:01:01G	1	-13	1123.15	740	685	1	1.41827e-05	0	1	IRID021
C	1	C*04:01:01G	1	-13	1170.86	687	529	1	4.36493e-06	0	1	IRID021
C	2	C*07:02:01G	1	-13	1170.86	687	529	1	4.36493e-06	0	1	IRID021
DQA1	1	DQA1*01:01:01G	0.1	-0	0	0	0	0	0	0	1	IRID021
DQA1	2	DQA1*01:01:01G	0.00526316	-0	0	0	0	0	0	0	1	IRID021
DQB1	1	DQB1*04:02:01G	1	-59	46.6778	16	8	1	0	0	1	IRID021
DQB1	2	DQB1*03:03:02G	1	-59	46.6778	16	8	1	0	0	1	IRID021
DRB1	1	DRB1*08:02:01	1	-10	422.458	268	181	1	0	0	0	IRID021
DRB1	2	DRB1*09:01:02G	1	-10	422.458	268	181	1	0	0	1	IRID021
DPA1	1	DPA1*01:03:01G	0.24437	-0	1.33333	0	0	0.569444	0	0	1	IRID021
DPA1	2	DPA1*01:03:01G	0.0222122	-0	1.33333	0	0	0.569444	0	0	1	IRID021
DPB1	1	DPB1*04:02:01G	1	-0	217.375	72	39	1	0	0	1	IRID021
DPB1	2	DPB1*04:02:01G	1	-0	217.375	72	39	1	0	0	1	IRID021
DRB3	1	DRB3*01:01:02G	0.0377358	-0	0	0	0	0.295833	0	0	1	IRID021
DRB3	2	DRB3*01:01:02G	0.000725689	-0	0	0	0	0.295833	0	0	1	IRID021
DRB4	1	DRB4*01:01:01G	1	-0	181.96	33	24	1	1.98401e-05	0	1	IRID021
DRB4	2	DRB4*01:01:01G	1	-0	181.96	33	24	1	1.98401e-05	0	1	IRID021
E	1	E*01:01:01G	1	-0	2167.34	1337	963	1	0	0	1	IRID021
E	2	E*01:01:01G	1	-0	2167.34	1337	963	1	0	0	1	IRID021
F	1	F*01:01:01G	1	-0	394.634	109	83	1	0	0	1	IRID021
F	2	F*01:01:01G	1	-0	394.634	109	83	1	0	0	1	IRID021
G	1	G*01:01:01G	1	-0	1813.95	758	562	1	0	0	1	IRID021
G	2	G*01:01:02G	1	-0	1813.95	758	562	1	0	0	1	IRID021
A	1	A*02:01:01G	1	-3	1411.47	970	773	1	3.25489e-06	0	1	IRID022
A	2	A*02:01:01G	1	-3	1411.47	970	773	1	3.25489e-06	0	1	IRID022
B	1	B*35:05:01	1	-1	1350.69	870	765	1	1.31037e-06	0	0	IRID022
B	2	B*39:09:01	1	-1	1350.69	870	765	1	1.31037e-06	0	0	IRID022
C	1	C*04:01:01G	1	-10	1417.9	804	640	1	2.40296e-06	0	1	IRID022
C	2	C*07:02:01G	1	-10	1417.9	804	640	1	2.40296e-06	0	1	IRID022
DQA1	1	DQA1*01:01:01G	0.1	-0	0	0	0	0	0	0	1	IRID022
DQA1	2	DQA1*01:01:01G	0.00526316	-0	0	0	0	0	0	0	1	IRID022
DQB1	1	DQB1*04:02:01G	1	-33	42.9889	14	9	1	0.00034462	0	1	IRID022
DQB1	2	DQB1*03:02:01G	1	-33	42.9889	14	9	1	0.00034462	0	1	IRID022
DRB1	1	DRB1*04:07:01G	1	-7	693.124	470	365	1	3.67244e-05	0	1	IRID022
DRB1	2	DRB1*08:02:01	1	-7	693.124	470	365	1	3.67244e-05	0	0	IRID022
DPA1	1	DPA1*01:03:01G	0.0555556	-0	0	0	0	0	0	0	1	IRID022
DPA1	2	DPA1*01:03:01G	0.0015873	-0	0	0	0	0	0	0	1	IRID022
DPB1	1	DPB1*04:02:01G	1	-1	228.284	78	50	1	1.65928e-05	0	1	IRID022
DPB1	2	DPB1*14:01:01	1	-1	228.284	78	50	1	1.65928e-05	0	0	IRID022
DRB3	1	DRB3*01:01:02G	0.0377358	-0	0	0	0	0.2375	0	0	1	IRID022
DRB3	2	DRB3*01:01:02G	0.000725689	-0	0	0	0	0.2375	0	0	1	IRID022
DRB4	1	DRB4*01:01:01G	1	-0	202.166	44	27	1	0	0	1	IRID022
DRB4	2	DRB4*01:01:01G	1	-0	202.166	44	27	1	0	0	1	IRID022
E	1	E*01:01:01G	1	-0	2575.74	1498	1083	1	0	0	1	IRID022
E	2	E*01:01:01G	1	-0	2575.74	1498	1083	1	0	0	1	IRID022
F	1	F*01:01:01G	1	-0	470.544	125	72	1	0	0	1	IRID022
F	2	F*01:01:01G	1	-0	470.544	125	72	1	0	0	1	IRID022
G	1	G*01:01:01G	1	-0	2196.6	1030	749	1	0	0	1	IRID022
G	2	G*01:01:01G	1	-0	2196.6	1030	749	1	0	0	1	IRID022
A	1	A*02:01:01G	1	-15	1072.32	587	538	1	7.14057e-06	0	1	IRID023
A	2	A*24:02:01G	1	-15	1072.32	587	538	1	7.14057e-06	0	1	IRID023
B	1	B*35:43:01G	1	-36	1088.09	689	569	1	0	0	1	IRID023
B	2	B*39:13:01	1	-36	1088.09	689	569	1	0	0	1	IRID023
C	1	C*01:02:01G	1	-5	1144.44	713	494	1	1.48857e-06	0	1	IRID023
C	2	C*07:02:01G	1	-5	1144.44	713	494	1	1.48857e-06	0	1	IRID023
DQA1	1	DQA1*01:01:01G	0.1	-0	0	0	0	0	0	0	1	IRID023
DQA1	2	DQA1*01:01:01G	0.00526316	-0	0	0	0	0	0	0	1	IRID023
DQB1	1	DQB1*04:02:01G	1	-27	36.5296	11	8	1	0.000202778	0	1	IRID023
DQB1	2	DQB1*03:02:01G	0.999	-27	36.5296	11	8	1	0.000202778	0	1	IRID023
DRB1	1	DRB1*04:07:01G	1	-5	557.676	376	302	1	6.52056e-06	0	1	IRID023
DRB1	2	DRB1*08:02:01	1	-5	557.676	376	302	1	6.52056e-06	0	0	IRID023
DPA1	1	DPA1*01:03:01G	0.0689866	-0	0.0243902	0	0	0	0	0	1	IRID023
DPA1	2	DPA1*01:03:01G	0.002442	-0	0.0243902	0	0	0	0	0	1	IRID023
DPB1	1	DPB1*14:01:01	1	-0	149.318	36	18	1	0	0	0	IRID023
DPB1	2	DPB1*14:01:01	1	-0	149.318	36	18	1	0	0	0	IRID023
DRB3	1	DRB3*01:01:02G	0.0377358	-0	0	0	0	0.2125	0	0	1	IRID023
DRB3	2	DRB3*01:01:02G	0.000725689	-0	0	0	0	0.2125	0	0	1	IRID023
DRB4	1	DRB4*01:01:01G	1	-0	152.538	32	23	1	0	0	1	IRID023
DRB4	2	DRB4*01:01:01G	1	-0	152.538	32	23	1	0	0	1	IRID023
E	1	E*01:01:01G	1	-0	1978.95	1180	811	1	0	0	1	IRID023
E	2	E*01:03:01G	1	-0	1978.95	1180	811	1	0	0	1	IRID023
F	1	F*01:01:01G	1	-0	372.112	93	73	1	0	0	1	IRID023
F	2	F*01:01:01G	1	-0	372.112	93	73	1	0	0	1	IRID023
G	1	G*01:01:01G	0.5	-0	1578.64	757	535	1	0	0	1	IRID023
G	2	G*01:04:01G	0.5	-0	1578.64	757	535	1	0	0	1	IRID023
A	1	A*02:01:01G	1	-0	1397.48	935	714	1	0	0	1	IRID025
A	2	A*02:22:01G	1	-0	1397.48	935	714	1	0	0	1	IRID025
B	1	B*35:43:01G	1	-94	1404.9	804	678	1	2.39365e-05	0	1	IRID025
B	2	B*39:12	1	-94	1404.9	804	678	1	2.39365e-05	0	1	IRID025
C	1	C*01:02:01G	1	-146	1504.1	947	755	1	0.0001597	0	1	IRID025
C	2	C*07:02:01G	1	-146	1504.1	947	755	1	0.0001597	0	1	IRID025
DQA1	1	DQA1*01:01:01G	0.1	-0	0	0	0	0	0	0	1	IRID025
DQA1	2	DQA1*01:01:01G	0.00526316	-0	0	0	0	0	0	0	1	IRID025
DQB1	1	DQB1*03:03:02G	0.999958	-1	19.7519	3	1	1	0.000187512	0	1	IRID025
DQB1	2	DQB1*03:02:01G	0.200145	-1	19.7519	3	1	1	0.000187512	0	1	IRID025
DRB1	1	DRB1*04:07:01G	1	-3	505.72	323	246	1	0	0	1	IRID025
DRB1	2	DRB1*09:01:02G	1	-3	505.72	323	246	1	0	0	1	IRID025
DPA1	1	DPA1*01:03:01G	0.0555556	-0	0	0	0	0	0	0	1	IRID025
DPA1	2	DPA1*01:03:01G	0.0015873	-0	0	0	0	0	0	0	1	IRID025
DPB1	1	DPB1*04:02:01G	1	-0	239.14	82	55	1	0	0	1	IRID025
DPB1	2	DPB1*14:01:01	1	-0	239.14	82	55	1	0	0	0	IRID025
DRB3	1	DRB3*01:01:02G	0.0377358	-0	0	0	0	0.333333	0	0	1	IRID025
DRB3	2	DRB3*01:01:02G	0.000725689	-0	0	0	0	0.333333	0	0	1	IRID025
DRB4	1	DRB4*01:01:01G	1	-0	423.899	78	51	1	0	0	1	IRID025
DRB4	2	DRB4*01:01:01G	1	-0	423.899	78	51	1	0	0	1	IRID025
E	1	E*01:01:01G	1	-0	2555.1	1578	1167	1	0	0	1	IRID025
E	2	E*01:01:01G	1	-0	2555.1	1578	1167	1	0	0	1	IRID025
F	1	F*01:01:01G	1	-0	466.321	119	50	1	0	0	1	IRID025
F	2	F*01:01:01G	1	-0	466.321	119	50	1	0	0	1	IRID025
G	1	G*01:01:01G	1	-0	2214.47	1023	720	1	0	0	1	IRID025
G	2	G*01:01:01G	1	-0	2214.47	1023	720	1	0	0	1	IRID025
A	1	A*02:01:01G	1	-0	1226.17	894	636	1	0	0	1	IRID026
A	2	A*02:22:01G	1	-0	1226.17	894	636	1	0	0	1	IRID026
B	1	B*35:43:01G	1	-49	1203.69	717	625	1	4.41123e-06	0	1	IRID026
B	2	B*39:12	1	-49	1203.69	717	625	1	4.41123e-06	0	1	IRID026
C	1	C*01:02:01G	1	-109	1345.88	789	661	1	0.000134172	0	1	IRID026
C	2	C*07:02:01G	1	-109	1345.88	789	661	1	0.000134172	0	1	IRID026
DQA1	1	DQA1*01:01:01G	0.1	-0	0	0	0	0	0	0	1	IRID026
DQA1	2	DQA1*01:01:01G	0.00526316	-0	0	0	0	0	0	0	1	IRID026
DQB1	1	DQB1*03:03:02G	0.998287	-3	22.5519	3	0	1	0.000492692	0	1	IRID026
DQB1	2	DQB1*03:02:01G	0.28517	-3	22.5519	3	0	1	0.000492692	0	1	IRID026
DRB1	1	DRB1*04:07:01G	1	-4	468.302	292	208	1	6.212e-05	0	1	IRID026
DRB1	2	DRB1*09:01:02G	1	-4	468.302	292	208	1	6.212e-05	0	1	IRID026
DPA1	1	DPA1*01:03:01G	0.0555556	-0	0	0	0	0	0	0	1	IRID026
DPA1	2	DPA1*01:03:01G	0.0015873	-0	0	0	0	0	0	0	1	IRID026
DPB1	1	DPB1*04:02:01G	1	-0	186.894	52	25	1	0	0	1	IRID026
DPB1	2	DPB1*14:01:01	1	-0	186.894	52	25	1	0	0	0	IRID026
DRB3	1	DRB3*01:01:02G	0.0377358	-0	0	0	0	0.366667	0	0	1	IRID026
DRB3	2	DRB3*01:01:02G	0.000725689	-0	0	0	0	0.366667	0	0	1	IRID026
DRB4	1	DRB4*01:01:01G	1	-0	396.83	78	55	1	0	0	1	IRID026
DRB4	2	DRB4*01:01:01G	1	-0	396.83	78	55	1	0	0	1	IRID026
E	1	E*01:01:01G	1	-0	2271.3	1320	927	1	0	0	1	IRID026
E	2	E*01:01:01G	1	-0	2271.3	1320	927	1	0	0	1	IRID026
F	1	F*01:01:01G	1	-0	400.67	86	43	1	0	0	1	IRID026
F	2	F*01:01:01G	1	-0	400.67	86	43	1	0	0	1	IRID026
G	1	G*01:01:01G	1	-0	1975.21	860	629	1	0	0	1	IRID026
G	2	G*01:01:01G	1	-0	1975.21	860	629	1	0	0	1	IRID026
A	1	A*02:01:01G	1	-42	1483.52	885	598	1	0	0	1	22_SS01
A	2	A*31:01:02G	1	-42	1483.52	885	598	1	0	0	1	22_SS01
B	1	B*15:04:01	1	-52	1408.94	676	603	1	0	0	0	22_SS01
B	2	B*18:01:01G	1	-52	1408.94	676	603	1	0	0	1	22_SS01
C	1	C*01:02:01G	1	-20	1354.53	799	455	1	1.25769e-06	0	1	22_SS01
C	2	C*07:01:01G	1	-20	1354.53	799	455	1	1.25769e-06	0	1	22_SS01
DQA1	1	DQA1*01:01:01G	0.1	-0	0	0	0	0	0	0	1	22_SS01
DQA1	2	DQA1*01:01:01G	0.00526316	-0	0	0	0	0	0	0	1	22_SS01
DQB1	1	DQB1*03:01:01G	0.855015	-1	13.7148	3	3	0.95	0.000270051	0	1	22_SS01
DQB1	2	DQB1*03:01:01G	0.350492	-1	13.7148	3	3	0.95	0.000270051	0	1	22_SS01
DRB1	1	DRB1*11:04:01G	1	-5	910.044	595	435	1	1.19874e-05	0	1	22_SS01
DRB1	2	DRB1*14:06:01	1	-5	910.044	595	435	1	1.19874e-05	0	1	22_SS01
DPA1	1	DPA1*01:03:01G	0.0555556	-0	0	0	0	0	0	0	1	22_SS01
DPA1	2	DPA1*01:03:01G	0.0015873	-0	0	0	0	0	0	0	1	22_SS01
DPB1	1	DPB1*04:02:01G	1	-0	247.405	85	58	1	0	0	1	22_SS01
DPB1	2	DPB1*05:01:01G	1	-0	247.405	85	58	1	0	0	1	22_SS01
DRB3	1	DRB3*01:01:02G	1	-1	387.455	270	162	1	0	0	1	22_SS01
DRB3	2	DRB3*02:02:01G	1	-1	387.455	270	162	1	0	0	1	22_SS01
DRB4	1	DRB4*03:01N	1	-0	223	223	223	-1	0	0	1	22_SS01
DRB4	2	DRB4*03:01N	1	-0	223	223	223	-1	0	0	1	22_SS01
E	1	E*01:01:01G	0.5	-0	2353.71	1391	924	1	0	0	1	22_SS01
E	2	E*01:03:02G	0.5	-0	2353.71	1391	924	1	0	0	1	22_SS01
F	1	F*01:01:01G	1	-0	412.168	90	67	1	0	0	1	22_SS01
F	2	F*01:01:01G	1	-0	412.168	90	67	1	0	0	1	22_SS01
G	1	G*01:01:01G	1	-0	2056.39	856	586	1	0	0	1	22_SS01
G	2	G*01:03:01G	1	-0	2056.39	856	586	1	0	0	1	22_SS01
A	1	A*02:11:01G	1	-10	1532.58	929	723	1	0	0	1	23_SS27
A	2	A*03:01:01G	1	-10	1532.58	929	723	1	0	0	1	23_SS27
B	1	B*07:02:01G	1	-20	1469.65	905	766	1	0	0	1	23_SS27
B	2	B*15:05:01	1	-20	1469.65	905	766	1	0	0	1	23_SS27
C	1	C*03:03:01G	1	-10	1159.16	781	528	1	1.46966e-06	0	1	23_SS27
C	2	C*07:02:01G	1	-10	1159.16	781	528	1	1.46966e-06	0	1	23_SS27
DQA1	1	DQA1*01:01:01G	0.1	-0	0	0	0	0	0	0	1	23_SS27
DQA1	2	DQA1*01:01:01G	0.00526316	-0	0	0	0	0	0	0	1	23_SS27
DQB1	1	DQB1*05:03:01G	1	-3	39.7037	16	14	1	0.000279851	0	1	23_SS27
DQB1	2	DQB1*03:01:01G	0.0833333	-3	39.7037	16	14	0.8125	0.000279851	0	1	23_SS27
DRB1	1	DRB1*14:02:01	1	-1	727.095	545	393	1	0	0	0	23_SS27
DRB1	2	DRB1*14:07:01	1	-1	727.095	545	393	1	0	0	1	23_SS27
DPA1	1	DPA1*01:03:01G	0.0555556	-0	0	0	0	0	0	0	1	23_SS27
DPA1	2	DPA1*01:03:01G	0.0015873	-0	0	0	0	0	0	0	1	23_SS27
DPB1	1	DPB1*04:01:01G	1	-3	227.091	72	39	1	0	0	1	23_SS27
DPB1	2	DPB1*04:02:01G	1	-3	227.091	72	39	1	0	0	1	23_SS27
DRB3	1	DRB3*01:01:02G	1	-1	373.632	274	197	1	0	0	1	23_SS27
DRB3	2	DRB3*02:02:01G	1	-1	373.632	274	197	1	0	0	1	23_SS27
DRB4	1	DRB4*03:01N	1	-0	206	206	206	-1	0	0	1	23_SS27
DRB4	2	DRB4*03:01N	1	-0	206	206	206	-1	0	0	1	23_SS27
E	1	E*01:01:01G	1	-0	2407.27	1379	991	1	0	0	1	23_SS27
E	2	E*01:03:02G	1	-0	2407.27	1379	991	1	0	0	1	23_SS27
F	1	F*01:01:01G	1	-0	433.557	130	86	1	0	0	1	23_SS27
F	2	F*01:01:01G	1	-0	433.557	130	86	1	0	0	1	23_SS27
G	1	G*01:01:01G	0.5	-0	1971.23	840	551	1	0	0	1	23_SS27
G	2	G*01:01:02G	0.5	-0	1971.23	840	551	1	0	0	1	23_SS27
A	1	A*02:01:01G	1	-66	1669.3	1072	767	1	1.83477e-05	0	1	24_1339
A	2	A*31:01:02G	1	-66	1669.3	1072	767	1	1.83477e-05	0	1	24_1339
B	1	B*15:04:01	1	-55	1539.72	763	704	1	0	0	0	24_1339
B	2	B*18:01:01G	1	-55	1539.72	763	704	1	0	0	1	24_1339
C	1	C*01:02:01G	1	-8	1628.09	951	728	1	0	0	1	24_1339
C	2	C*07:01:01G	1	-8	1628.09	951	728	1	0	0	1	24_1339
DQA1	1	DQA1*01:01:01G	0.1	-0	0	0	0	0	0	0	1	24_1339
DQA1	2	DQA1*01:01:01G	0.00526316	-0	0	0	0	0	0	0	1	24_1339
DQB1	1	DQB1*03:01:01G	0.998091	-3	22.8519	8	5	1	0.000486224	0	1	24_1339
DQB1	2	DQB1*03:01:01G	0.900006	-3	22.8519	8	5	1	0.000486224	0	1	24_1339
DRB1	1	DRB1*11:04:01G	1	-3	1074.46	684	502	1	0	0	1	24_1339
DRB1	2	DRB1*14:06:01	1	-3	1074.46	684	502	1	0	0	1	24_1339
DPA1	1	DPA1*01:03:01G	0.0555556	-0	0	0	0	0	0	0	1	24_1339
DPA1	2	DPA1*01:03:01G	0.0015873	-0	0	0	0	0	0	0	1	24_1339
DPB1	1	DPB1*04:02:01G	1	-0	303.966	85	42	1	0	0	1	24_1339
DPB1	2	DPB1*05:01:01G	1	-0	303.966	85	42	1	0	0	1	24_1339
DRB3	1	DRB3*01:01:02G	1	-1	444.35	292	205	1	0	0	1	24_1339
DRB3	2	DRB3*02:02:01G	1	-1	444.35	292	205	1	0	0	1	24_1339
DRB4	1	DRB4*03:01N	1	-0	278	278	278	-1	0	0	1	24_1339
DRB4	2	DRB4*03:01N	1	-0	278	278	278	-1	0	0	1	24_1339
E	1	E*01:01:01G	0.5	-0	2649.17	1497	1003	1	0	0	1	24_1339
E	2	E*01:03:02G	0.5	-0	2649.17	1497	1003	1	0	0	1	24_1339
F	1	F*01:01:01G	1	-0	512.264	122	61	1	0	0	1	24_1339
F	2	F*01:01:01G	1	-0	512.264	122	61	1	0	0	1	24_1339
G	1	G*01:01:01G	1	-0	2415.57	943	663	1	0	0	1	24_1339
G	2	G*01:03:01G	1	-0	2415.57	943	663	1	0	0	1	24_1339
A	1	A*02:01:01G	1	-0	1469.13	993	802	1	0	0	1	SS18
A	2	A*02:01:01G	1	-0	1469.13	993	802	1	0	0	1	SS18
B	1	B*35:01:01G	1	-34	1622.57	964	918	1	2.72702e-05	0	1	SS18
B	2	B*35:43:01G	1	-34	1622.57	964	918	1	2.72702e-05	0	1	SS18
C	1	C*01:02:01G	1	-9	1648.83	1046	688	1	2.06641e-06	0	1	SS18
C	2	C*04:01:01G	1	-9	1648.83	1046	688	1	2.06641e-06	0	1	SS18
DQA1	1	DQA1*01:01:01G	0.1	-0	0	0	0	0	0	0	1	SS18
DQA1	2	DQA1*01:01:01G	0.00526316	-0	0	0	0	0	0	0	1	SS18
DQB1	1	DQB1*03:02:01G	0.866409	-1	8.74815	3	1	0.941667	0.00042337	0	1	SS18
DQB1	2	DQB1*03:02:01G	0.406018	-1	8.74815	3	1	0.941667	0.00042337	0	1	SS18
DRB1	1	DRB1*04:07:01G	1	-6	527.065	345	252	1	6.89926e-06	0	1	SS18
DRB1	2	DRB1*09:01:02G	1	-6	527.065	345	252	1	6.89926e-06	0	1	SS18
DPA1	1	DPA1*01:03:01G	0.0555556	-0	0	0	0	0	0	0	1	SS18
DPA1	2	DPA1*01:03:01G	0.0015873	-0	0	0	0	0	0	0	1	SS18
DPB1	1	DPB1*04:02:01G	1	-1	242.712	78	42	1	1.56065e-05	0	1	SS18
DPB1	2	DPB1*14:01:01	1	-1	242.712	78	42	1	1.56065e-05	0	0	SS18
DRB3	1	DRB3*01:01:02G	0.0377358	-0	0	0	0	0.345833	0	0	1	SS18
DRB3	2	DRB3*01:01:02G	0.000725689	-0	0	0	0	0.345833	0	0	1	SS18
DRB4	1	DRB4*01:01:01G	1	-0	459.661	114	78	1	0	0	1	SS18
DRB4	2	DRB4*01:01:01G	1	-0	459.661	114	78	1	0	0	1	SS18
E	1	E*01:01:01G	1	-0	2919.9	1860	1473	1	0	0	1	SS18
E	2	E*01:03:02G	1	-0	2919.9	1860	1473	1	0	0	1	SS18
F	1	F*01:01:01G	1	-0	519.716	125	115	1	0	0	1	SS18
F	2	F*01:01:01G	1	-0	519.716	125	115	1	0	0	1	SS18
G	1	G*01:01:02G	1	-0	2420.78	1143	828	1	0	0	1	SS18
G	2	G*01:01:02G	1	-0	2420.78	1143	828	1	0	0	1	SS18
A	1	A*02:01:01G	1	-891	1848.09	1337	1127	1	0.000560988	0	1	SS19
A	2	A*68:02:01G	1	-891	1848.09	1337	1127	1	0.000560988	0	1	SS19
B	1	B*14:02:01	1	-43	1897.28	1081	989	1	2.7986e-06	0	0	SS19
B	2	B*15:01:01G	1	-43	1897.28	1081	989	1	2.7986e-06	0	1	SS19
C	1	C*01:02:01G	1	-15	1828.55	1149	754	1	0	0	1	SS19
C	2	C*08:02:01G	1	-15	1828.55	1149	754	1	0	0	1	SS19
DQA1	1	DQA1*01:01:01G	0.1	-0	0	0	0	0	0	0	1	SS19
DQA1	2	DQA1*01:01:01G	0.00526316	-0	0	0	0	0	0	0	1	SS19
DQB1	1	DQB1*03:01:01G	0.999999	-0	20.3963	4	2	1	0	0	1	SS19
DQB1	2	DQB1*03:03:02G	0.996343	-0	20.3963	4	2	1	0	0	1	SS19
DRB1	1	DRB1*09:01:02G	1	-9	713.92	525	409	1	5.09352e-06	0	1	SS19
DRB1	2	DRB1*13:03:01G	1	-9	713.92	525	409	1	5.09352e-06	0	1	SS19
DPA1	1	DPA1*01:03:01G	0.0555556	-0	0	0	0	0	0	0	1	SS19
DPA1	2	DPA1*01:03:01G	0.0015873	-0	0	0	0	0	0	0	1	SS19
DPB1	1	DPB1*04:01:01G	1	-4	264.424	73	45	1	5.73e-05	0	1	SS19
DPB1	2	DPB1*13:01:01G	1	-4	264.424	73	45	1	5.73e-05	0	1	SS19
DRB3	1	DRB3*01:01:02G	1	-0	240.986	165	133	1	0	0	1	SS19
DRB3	2	DRB3*01:01:02G	1	-0	240.986	165	133	1	0	0	1	SS19
DRB4	1	DRB4*01:01:01G	1	-0	369.235	179	168	1	0	0	1	SS19
DRB4	2	DRB4*03:01N	1	-0	369.235	179	168	-1	0	0	1	SS19
E	1	E*01:01:01G	1	-0	3202.35	2061	1585	1	0	0	1	SS19
E	2	E*01:01:01G	1	-0	3202.35	2061	1585	1	0	0	1	SS19
F	1	F*01:01:01G	1	-0	544.022	201	161	1	0	0	1	SS19
F	2	F*01:01:01G	1	-0	544.022	201	161	1	0	0	1	SS19
G	1	G*01:01:02G	1	-0	2643.71	1247	939	1	0	0	1	SS19
G	2	G*01:01:02G	1	-0	2643.71	1247	939	1	0	0	1	SS19
A	1	A*02:01:01G	1	-34	1997.58	1368	1061	1	9.96614e-06	0	1	SS20
A	2	A*03:01:01G	1	-34	1997.58	1368	1061	1	9.96614e-06	0	1	SS20
B	1	B*15:04:01	0.5	-15	1808.87	1054	959	1	0	0	0	SS20
B	2	B*35:01:01G	0.5	-15	1808.87	1054	959	1	0	0	1	SS20
C	1	C*01:02:01G	1	-12	1702.34	1065	724	1	4.00292e-06	0	1	SS20
C	2	C*04:01:01G	1	-12	1702.34	1065	724	1	4.00292e-06	0	1	SS20
DQA1	1	DQA1*01:01:01G	0.1	-0	0	0	0	0	0	0	1	SS20
DQA1	2	DQA1*01:01:01G	0.00526316	-0	0	0	0	0	0	0	1	SS20
DQB1	1	DQB1*06:04:01G	1	-3	31.1556	13	10	1	0	0	1	SS20
DQB1	2	DQB1*03:01:01G	0.998001	-3	31.1556	13	10	1	0	0	1	SS20
DRB1	1	DRB1*13:02:01	1	-3	1047.53	670	556	1	0	0	0	SS20
DRB1	2	DRB1*14:02:01	1	-3	1047.53	670	556	1	0	0	0	SS20
DPA1	1	DPA1*01:03:01G	0.0555556	-0	0	0	0	0	0	0	1	SS20
DPA1	2	DPA1*01:03:01G	0.0015873	-0	0	0	0	0	0	0	1	SS20
DPB1	1	DPB1*02:01:02G	1	-0	279.523	98	51	1	0	0	1	SS20
DPB1	2	DPB1*14:01:01	1	-0	279.523	98	51	1	0	0	0	SS20
DRB3	1	DRB3*01:01:02G	1	-4	560.538	424	339	1	0	0	1	SS20
DRB3	2	DRB3*03:01:01G	1	-4	560.538	424	339	1	0	0	1	SS20
DRB4	1	DRB4*03:01N	1	-0	296	296	296	-1	0	0	1	SS20
DRB4	2	DRB4*03:01N	1	-0	296	296	296	-1	0	0	1	SS20
E	1	E*01:01:01G	1	-0	3004.79	1972	1476	1	0	0	1	SS20
E	2	E*01:03:02G	1	-0	3004.79	1972	1476	1	0	0	1	SS20
F	1	F*01:01:01G	1	-0	511.2	139	94	1	0	0	1	SS20
F	2	F*01:01:01G	1	-0	511.2	139	94	1	0	0	1	SS20
G	1	G*01:01:01G	1	-0	2561.96	1140	778	1	0	0	1	SS20
G	2	G*01:01:02G	1	-0	2561.96	1140	778	1	0	0	1	SS20
A	1	A*24:02:01G	1	-18	1680.93	967	868	1	3.64416e-06	0	1	ATLSkin_3
A	2	A*31:01:02G	1	-18	1680.93	967	868	1	3.64416e-06	0	1	ATLSkin_3
B	1	B*40:01:01G	1	-16	1556.61	839	675	1	1.36444e-05	0	1	ATLSkin_3
B	2	B*40:02:01G	1	-16	1556.61	839	675	1	1.36444e-05	0	1	ATLSkin_3
C	1	C*03:03:01G	1	-0	1297.78	926	686	1	0	0	1	ATLSkin_3
C	2	C*03:04:01G	1	-0	1297.78	926	686	1	0	0	1	ATLSkin_3
DQA1	1	DQA1*01:01:01G	0.1	-0	0	0	0	0	0	0	1	ATLSkin_3
DQA1	2	DQA1*01:01:01G	0.00526316	-0	0	0	0	0	0	0	1	ATLSkin_3
DQB1	1	DQB1*06:01:01G	1	-1	63.8259	25	16	1	5.80282e-05	0	1	ATLSkin_3
DQB1	2	DQB1*03:03:02G	1	-1	63.8259	25	16	1	5.80282e-05	0	1	ATLSkin_3
DRB1	1	DRB1*08:03:02	1	-11	572.262	397	282	1	2.54175e-05	0	0	ATLSkin_3
DRB1	2	DRB1*09:01:02G	1	-11	572.262	397	282	1	2.54175e-05	0	1	ATLSkin_3
DPA1	1	DPA1*01:03:01G	0.0555556	-0	0	0	0	0	0	0	1	ATLSkin_3
DPA1	2	DPA1*01:03:01G	0.0015873	-0	0	0	0	0	0	0	1	ATLSkin_3
DPB1	1	DPB1*05:01:01G	1	-2	243.167	77	45	1	0	0	1	ATLSkin_3
DPB1	2	DPB1*09:01:01	1	-2	243.167	77	45	1	0	0	1	ATLSkin_3
DRB3	1	DRB3*01:01:02G	0.182372	-5	0.67148	0	0	0.5375	0.0268817	0	1	ATLSkin_3
DRB3	2	DRB3*01:01:02G	0.0062886	-5	0.67148	0	0	0.5375	0.0268817	0	1	ATLSkin_3
DRB4	1	DRB4*01:01:01G	1	-0	221.245	40	22	1	0	0	1	ATLSkin_3
DRB4	2	DRB4*01:01:01G	1	-0	221.245	40	22	1	0	0	1	ATLSkin_3
E	1	E*01:03:02G	1	-0	2803.91	1843	1432	1	0	0	1	ATLSkin_3
E	2	E*01:03:02G	1	-0	2803.91	1843	1432	1	0	0	1	ATLSkin_3
F	1	F*01:01:01G	1	-0	468.231	113	61	1	0	0	1	ATLSkin_3
F	2	F*01:01:01G	1	-0	468.231	113	61	1	0	0	1	ATLSkin_3
G	1	G*01:01:02G	1	-1	2198.79	1008	715	1	0	0	1	ATLSkin_3
G	2	G*01:04:01G	1	-1	2198.79	1008	715	1	0	0	1	ATLSkin_3
A	1	A*02:01:01G	1	-21	1639.52	1066	1013	1	2.80215e-06	0	1	ATLSkin_8
A	2	A*26:01:01G	1	-21	1639.52	1066	1013	1	2.80215e-06	0	1	ATLSkin_8
B	1	B*40:01:01G	1	-3	1628.21	947	800	1	0	0	1	ATLSkin_8
B	2	B*40:02:01G	1	-3	1628.21	947	800	1	0	0	1	ATLSkin_8
C	1	C*03:03:01G	1	-8	1373.37	979	690	1	9.92347e-06	0	1	ATLSkin_8
C	2	C*03:03:01G	1	-8	1373.37	979	690	1	9.92347e-06	0	1	ATLSkin_8
DQA1	1	DQA1*01:01:01G	0.1	-0	0	0	0	0	0	0	1	ATLSkin_8
DQA1	2	DQA1*01:01:01G	0.00526316	-0	0	0	0	0	0	0	1	ATLSkin_8
DQB1	1	DQB1*05:03:01G	1	-0	34.2259	6	5	1	0	0	1	ATLSkin_8
DQB1	2	DQB1*06:02:01G	0.166565	-0	34.2259	6	5	0.916667	0	0	1	ATLSkin_8
DRB1	1	DRB1*14:01:01G	1	-24	1741.63	1406	987	1	0	0	1	ATLSkin_8
DRB1	2	DRB1*15:01:01G	1	-24	1741.63	1406	987	1	0	0	1	ATLSkin_8
DPA1	1	DPA1*01:03:01G	0.0555556	-0	0	0	0	0	0	0	1	ATLSkin_8
DPA1	2	DPA1*01:03:01G	0.0015873	-0	0	0	0	0	0	0	1	ATLSkin_8
DPB1	1	DPB1*02:01:02G	1	-1	304.466	71	40	1	1.24411e-05	0	1	ATLSkin_8
DPB1	2	DPB1*02:01:02G	1	-1	304.466	71	40	1	1.24411e-05	0	1	ATLSkin_8
DRB3	1	DRB3*02:02:01G	1	-0	226.704	162	121	1	0	0	1	ATLSkin_8
DRB3	2	DRB3*02:02:01G	1	-0	226.704	162	121	1	0	0	1	ATLSkin_8
DRB4	1	DRB4*03:01N	1	-0	117.097	116	116	-1	0	0	1	ATLSkin_8
DRB4	2	DRB4*01:01:01G	0.499583	-0	117.097	116	116	0.666667	0	0	1	ATLSkin_8
E	1	E*01:01:01G	0.999999	-0	2823.04	1803	1425	1	0	0	1	ATLSkin_8
E	2	E*01:03:02G	0.999999	-0	2823.04	1803	1425	1	0	0	1	ATLSkin_8
F	1	F*01:01:01G	1	-0	513.617	127	115	1	0	0	1	ATLSkin_8
F	2	F*01:01:01G	1	-0	513.617	127	115	1	0	0	1	ATLSkin_8
G	1	G*01:01:01G	1	-0	2366.77	1158	875	1	0	0	1	ATLSkin_8
G	2	G*01:01:02G	1	-0	2366.77	1158	875	1	0	0	1	ATLSkin_8
A	1	A*24:02:01G	1	-391	1172.92	590	539	1	0.000497442	0	1	ATLSkin_9
A	2	A*31:01:02G	1	-391	1172.92	590	539	1	0.000497442	0	1	ATLSkin_9
B	1	B*54:01:01G	1	-23	1059.01	692	512	1	3.84395e-05	0	1	ATLSkin_9
B	2	B*54:01:01G	1	-23	1059.01	692	512	1	3.84395e-05	0	1	ATLSkin_9
C	1	C*01:02:01G	1	-87	1110.19	746	541	1	1.53449e-05	0	1	ATLSkin_9
C	2	C*08:03:01G	1	-87	1110.19	746	541	1	1.53449e-05	0	1	ATLSkin_9
DQA1	1	DQA1*01:01:01G	0.1	-0	0	0	0	0	0	0	1	ATLSkin_9
DQA1	2	DQA1*01:01:01G	0.00526316	-0	0	0	0	0	0	0	1	ATLSkin_9
DQB1	1	DQB1*04:01:01G	1	-2	32.1556	18	15	1	0.000230362	0	1	ATLSkin_9
DQB1	2	DQB1*04:01:01G	0.999998	-2	32.1556	18	15	1	0.000230362	0	1	ATLSkin_9
DRB1	1	DRB1*04:05:01	1	-1	485.756	308	224	1	7.48598e-06	0	0	ATLSkin_9
DRB1	2	DRB1*04:05:01	1	-1	485.756	308	224	1	7.48598e-06	0	0	ATLSkin_9
DPA1	1	DPA1*01:03:01G	0.0555556	-0	0	0	0	0	0	0	1	ATLSkin_9
DPA1	2	DPA1*01:03:01G	0.0015873	-0	0	0	0	0	0	0	1	ATLSkin_9
DPB1	1	DPB1*02:01:02G	1	-7	194.845	71	46	1	5.83215e-05	0	1	ATLSkin_9
DPB1	2	DPB1*05:01:01G	1	-7	194.845	71	46	1	5.83215e-05	0	1	ATLSkin_9
DRB3	1	DRB3*01:01:02G	0.0377358	-0	0	0	0	0.529167	0	0	1	ATLSkin_9
DRB3	2	DRB3*01:01:02G	0.000725689	-0	0	0	0	0.529167	0	0	1	ATLSkin_9
DRB4	1	DRB4*01:01:01G	1	-0	305.978	85	67	1	0	0	1	ATLSkin_9
DRB4	2	DRB4*01:01:01G	1	-0	305.978	85	67	1	0	0	1	ATLSkin_9
E	1	E*01:03:02G	1	-0	1861.44	1193	883	1	0	0	1	ATLSkin_9
E	2	E*01:03:02G	1	-0	1861.44	1193	883	1	0	0	1	ATLSkin_9
F	1	F*01:01:01G	1	-0	307.291	82	54	1	0	0	1	ATLSkin_9
F	2	F*01:01:01G	1	-0	307.291	82	54	1	0	0	1	ATLSkin_9
G	1	G*01:01:02G	1	-1	1598.28	770	560	1	0	0	1	ATLSkin_9
G	2	G*01:04:01G	1	-1	1598.28	770	560	1	0	0	1	ATLSkin_9
A	1	A*02:06:01G	1	-18	1577.32	1000	835	1	4.85443e-06	0	1	ATLSkin_10
A	2	A*24:02:01G	1	-18	1577.32	1000	835	1	4.85443e-06	0	1	ATLSkin_10
B	1	B*35:01:01G	1	-15	1518.42	924	848	1	2.33125e-06	0	1	ATLSkin_10
B	2	B*40:02:01G	1	-15	1518.42	924	848	1	2.33125e-06	0	1	ATLSkin_10
C	1	C*03:03:01G	1	-0	1426.75	974	719	1	0	0	1	ATLSkin_10
C	2	C*03:03:01G	1	-0	1426.75	974	719	1	0	0	1	ATLSkin_10
DQA1	1	DQA1*01:01:01G	0.1	-0	0	0	0	0	0	0	1	ATLSkin_10
DQA1	2	DQA1*01:01:01G	0.00526316	-0	0	0	0	0	0	0	1	ATLSkin_10
DQB1	1	DQB1*05:03:01G	1	-3	37.6481	12	6	1	0.00029513	0	1	ATLSkin_10
DQB1	2	DQB1*03:01:01G	1	-3	37.6481	12	6	1	0.00029513	0	1	ATLSkin_10
DRB1	1	DRB1*14:05:01	1	-2	987.025	653	482	1	7.36833e-06	0	0	ATLSkin_10
DRB1	2	DRB1*14:06:01	1	-2	987.025	653	482	1	7.36833e-06	0	1	ATLSkin_10
DPA1	1	DPA1*01:03:01G	0.0555556	-0	0	0	0	0	0	0	1	ATLSkin_10
DPA1	2	DPA1*01:03:01G	0.0015873	-0	0	0	0	0	0	0	1	ATLSkin_10
DPB1	1	DPB1*05:01:01G	1	-1	250.326	81	44	1	1.51318e-05	0	1	ATLSkin_10
DPB1	2	DPB1*05:01:01G	1	-1	250.326	81	44	1	1.51318e-05	0	1	ATLSkin_10
DRB3	1	DRB3*02:02:01G	1	-0	407.78	298	227	1	0	0	1	ATLSkin_10
DRB3	2	DRB3*02:02:01G	1	-0	407.78	298	227	1	0	0	1	ATLSkin_10
DRB4	1	DRB4*03:01N	1	-0	265	265	265	-1	0	0	1	ATLSkin_10
DRB4	2	DRB4*03:01N	1	-0	265	265	265	-1	0	0	1	ATLSkin_10
E	1	E*01:01:01G	1	-0	2938.7	1754	1363	1	0	0	1	ATLSkin_10
E	2	E*01:01:01G	1	-0	2938.7	1754	1363	1	0	0	1	ATLSkin_10
F	1	F*01:01:01G	1	-0	502.381	121	102	1	0	0	1	ATLSkin_10
F	2	F*01:01:01G	1	-0	502.381	121	102	1	0	0	1	ATLSkin_10
G	1	G*01:01:01G	0.5	-0	2373.86	1049	782	1	0	0	1	ATLSkin_10
G	2	G*01:04:01G	0.5	-0	2373.86	1049	782	1	0	0	1	ATLSkin_10
A	1	A*02:01:01G	1	-21	1919.33	1167	1042	1	3.9894e-06	0	1	SS17
A	2	A*23:01:01G	1	-21	1919.33	1167	1042	1	3.9894e-06	0	1	SS17
B	1	B*44:03:01G	1	-29	1698.69	994	928	1	5.20962e-06	0	1	SS17
B	2	B*45:01:01G	1	-29	1698.69	994	928	1	5.20962e-06	0	1	SS17
C	1	C*04:01:01G	1	-21	2056.59	1295	874	1	1.49103e-05	0	1	SS17
C	2	C*16:01:01G	1	-21	2056.59	1295	874	1	1.49103e-05	0	1	SS17
DQA1	1	DQA1*01:01:01G	0.1	-0	0	0	0	0	0	0	1	SS17
DQA1	2	DQA1*01:01:01G	0.00526316	-0	0	0	0	0	0	0	1	SS17
DQB1	1	DQB1*02:01:01G	1	-3	90.0185	28	22	1	0	0	1	SS17
DQB1	2	DQB1*06:02:01G	1	-3	90.0185	28	22	1	0	0	1	SS17
DRB1	1	DRB1*07:01:01G	1	-100	1835.63	1414	991	1	0	0	1	SS17
DRB1	2	DRB1*15:03:01G	1	-100	1835.63	1414	991	1	0	0	1	SS17
DPA1	1	DPA1*02:01:01;DPA1*02:01:08	0.124977	-0	0.406504	0	0	0.324074	0	0	0	SS17
DPA1	2	DPA1*02:01:01;DPA1*02:01:08	0.00555426	-0	0.406504	0	0	0.324074	0	0	0	SS17
DPB1	1	DPB1*01:01:01G	1	-0	263.496	102	45	1	0	0	1	SS17
DPB1	2	DPB1*17:01:01G	1	-0	263.496	102	45	1	0	0	1	SS17
DRB3	1	DRB3*01:01:02G	0.0377358	-0	0	0	0	0.316667	0	0	1	SS17
DRB3	2	DRB3*01:01:02G	0.000725689	-0	0	0	0	0.316667	0	0	1	SS17
DRB4	1	DRB4*01:01:01G	1	-0	301.964	45	28	1	0	0	1	SS17
DRB4	2	DRB4*01:01:01G	1	-0	301.964	45	28	1	0	0	1	SS17
E	1	E*01:01:01G	1	-0	3506.44	2228	1676	1	0	0	1	SS17
E	2	E*01:03:02G	1	-0	3506.44	2228	1676	1	0	0	1	SS17
F	1	F*01:01:01G	1	-0	649.009	159	136	1	0	0	1	SS17
F	2	F*01:01:01G	1	-0	649.009	159	136	1	0	0	1	SS17
G	1	G*01:01:01G	1	-0	2879.04	1295	973	1	0	0	1	SS17
G	2	G*01:04:01G	1	-0	2879.04	1295	973	1	0	0	1	SS17
A	1	A*02:01:01G	1	-20	1571.71	920	829	1	3.8974e-06	0	1	SS02
A	2	A*24:02:01G	1	-20	1571.71	920	829	1	3.8974e-06	0	1	SS02
B	1	B*48:01:01G	1	-0	1880.92	1088	967	1	0	0	1	SS02
B	2	B*48:01:01G	1	-0	1880.92	1088	967	1	0	0	1	SS02
C	1	C*08:01:01G	1	-4	1570.15	982	729	1	4.33991e-06	0	1	SS02
C	2	C*08:03:01G	1	-4	1570.15	982	729	1	4.33991e-06	0	1	SS02
DQA1	1	DQA1*01:01:01G	0.1	-0	0	0	0	0	0	0	1	SS02
DQA1	2	DQA1*01:01:01G	0.00526316	-0	0	0	0	0	0	0	1	SS02
DQB1	1	DQB1*03:03:02G	1	-1	23.4037	5	2	1	0.000158253	0	1	SS02
DQB1	2	DQB1*03:02:01G	0.166907	-1	23.4037	5	2	1	0.000158253	0	1	SS02
DRB1	1	DRB1*09:01:02G	1	-0	343.2	165	114	1	0	0	1	SS02
DRB1	2	DRB1*09:01:02G	1	-0	343.2	165	114	1	0	0	1	SS02
DPA1	1	DPA1*01:03:01G	0.0555556	-0	0	0	0	0	0	0	1	SS02
DPA1	2	DPA1*01:03:01G	0.0015873	-0	0	0	0	0	0	0	1	SS02
DPB1	1	DPB1*04:02:01G	1	-5	258.303	89	38	1	7.33224e-05	0	1	SS02
DPB1	2	DPB1*23:01:01G	1	-5	258.303	89	38	1	7.33224e-05	0	1	SS02
DRB3	1	DRB3*01:01:02G	0.0377358	-0	0	0	0	0.291667	0	0	1	SS02
DRB3	2	DRB3*01:01:02G	0.000725689	-0	0	0	0	0.291667	0	0	1	SS02
DRB4	1	DRB4*01:01:01G	1	-0	450.274	108	73	1	0	0	1	SS02
DRB4	2	DRB4*01:01:01G	1	-0	450.274	108	73	1	0	0	1	SS02
E	1	E*01:01:01G	1	-0	2621.68	1731	1244	1	0	0	1	SS02
E	2	E*01:03:01G	1	-0	2621.68	1731	1244	1	0	0	1	SS02
F	1	F*01:01:01G	1	-0	521.236	162	113	1	0	0	1	SS02
F	2	F*01:01:01G	1	-0	521.236	162	113	1	0	0	1	SS02
G	1	G*01:01:01G	0.5	-0	2294.42	1054	766	1	0	0	1	SS02
G	2	G*01:04:01G	0.5	-0	2294.42	1054	766	1	0	0	1	SS02
A	1	A*02:01:01G	1	-503	1422.85	925	837	1	0.000286291	0	1	SS03
A	2	A*31:01:02G	1	-503	1422.85	925	837	1	0.000286291	0	1	SS03
B	1	B*39:03	1	-11	1432.85	885	739	1	6.17618e-06	0	0	SS03
B	2	B*48:01:01G	1	-11	1432.85	885	739	1	6.17618e-06	0	1	SS03
C	1	C*07:02:01G	1	-11	1404.68	838	639	1	3.63837e-06	0	1	SS03
C	2	C*08:01:01G	1	-11	1404.68	838	639	1	3.63837e-06	0	1	SS03
DQA1	1	DQA1*03:01:01G	0.525	-0	0.650602	0	0	0.465753	0	0	1	SS03
DQA1	2	DQA1*03:01:01G	0.05	-0	0.650602	0	0	0.465753	0	0	1	SS03
DQB1	1	DQB1*03:02:01G	0.836941	-1	15.5889	6	3	1	0.000237586	0	1	SS03
DQB1	2	DQB1*03:03:02G	0.514941	-1	15.5889	6	3	1	0.000237586	0	1	SS03
DRB1	1	DRB1*09:01:02G	1	-0	290.331	163	133	1	0.000112724	0	1	SS03
DRB1	2	DRB1*09:01:02G	1	-0	290.331	163	133	1	0.000112724	0	1	SS03
DPA1	1	DPA1*01:03:01G	0.0555556	-0	0	0	0	0	0	0	1	SS03
DPA1	2	DPA1*01:03:01G	0.0015873	-0	0	0	0	0	0	0	1	SS03
DPB1	1	DPB1*23:01:01G	1	-0	282.36	80	44	1	0	0	1	SS03
DPB1	2	DPB1*23:01:01G	1	-0	282.36	80	44	1	0	0	1	SS03
DRB3	1	DRB3*01:01:02G	0.0377358	-0	1	1	1	0.316667	0.974729	0	1	SS03
DRB3	2	DRB3*01:01:02G	0.000725689	-0	1	1	1	0.316667	0.974729	0	1	SS03
DRB4	1	DRB4*01:01:01G	1	-0	437.617	83	52	1	0	0	1	SS03
DRB4	2	DRB4*01:01:01G	1	-0	437.617	83	52	1	0	0	1	SS03
E	1	E*01:01:01G	1	-0	2458.1	1582	1191	1	0	0	1	SS03
E	2	E*01:01:01G	1	-0	2458.1	1582	1191	1	0	0	1	SS03
F	1	F*01:01:01G	1	-0	430.429	108	82	1	0	0	1	SS03
F	2	F*01:01:01G	1	-0	430.429	108	82	1	0	0	1	SS03
G	1	G*01:01:01G	1	-0	2161.04	971	737	1	0	0	1	SS03
G	2	G*01:03:01G	1	-0	2161.04	971	737	1	0	0	1	SS03
A	1	A*02:01:01G	1	-23	1232.57	686	615	1	1.86366e-05	0	1	SS04
A	2	A*24:02:01G	1	-23	1232.57	686	615	1	1.86366e-05	0	1	SS04
B	1	B*15:04:01	1	-169	1280.83	714	613	1	0.000165822	0	0	SS04
B	2	B*18:01:01G	1	-169	1280.83	714	613	1	0.000165822	0	1	SS04
C	1	C*01:02:01G	1	-7	1297.41	805	507	1	5.25226e-06	0	1	SS04
C	2	C*12:03:01G	1	-7	1297.41	805	507	1	5.25226e-06	0	1	SS04
DQA1	1	DQA1*01:01:01G	0.1	-0	0	0	0	0	0	0	1	SS04
DQA1	2	DQA1*01:01:01G	0.00526316	-0	0	0	0	0	0	0	1	SS04
DQB1	1	DQB1*03:01:01G	0.632446	-1	13.1407	3	1	1	0.000281849	0	1	SS04
DQB1	2	DQB1*03:01:01G	0.139132	-1	13.1407	3	1	1	0.000281849	0	1	SS04
DRB1	1	DRB1*11:04:01G	1	-5	760.48	543	442	1	0	0	1	SS04
DRB1	2	DRB1*14:02:01	1	-5	760.48	543	442	1	0	0	0	SS04
DPA1	1	DPA1*01:03:01G	0.0555556	-0	0	0	0	0	0	0	1	SS04
DPA1	2	DPA1*01:03:01G	0.0015873	-0	0	0	0	0	0	0	1	SS04
DPB1	1	DPB1*14:01:01	1	-0	160.644	53	31	1	0	0	0	SS04
DPB1	2	DPB1*14:01:01	1	-0	160.644	53	31	1	0	0	0	SS04
DRB3	1	DRB3*01:01:02G	1	-0	367.188	238	152	1	0	0	1	SS04
DRB3	2	DRB3*02:02:01G	1	-0	367.188	238	152	1	0	0	1	SS04
DRB4	1	DRB4*03:01N	1	-0	200	200	200	-1	0	0	1	SS04
DRB4	2	DRB4*03:01N	1	-0	200	200	200	-1	0	0	1	SS04
E	1	E*01:03:02G	1	-0	2157.48	1346	1025	1	0	0	1	SS04
E	2	E*01:03:02G	1	-0	2157.48	1346	1025	1	0	0	1	SS04
F	1	F*01:01:01G	1	-0	412.573	114	89	1	0	0	1	SS04
F	2	F*01:01:01G	1	-0	412.573	114	89	1	0	0	1	SS04
G	1	G*01:01:02G	1	-0	1902.78	904	651	1	0	0	1	SS04
G	2	G*01:04:01G	1	-0	1902.78	904	651	1	0	0	1	SS04
A	1	A*11:01:01G	1	-4367	2433.98	1550	1131	1	0.00244559	1	1	SS06
A	2	A*68:01:02G	1	-4367	2433.98	1550	1131	1	0.00244559	1	1	SS06
B	1	B*51:75	1	-77	1575.3	1042	894	1	6.62888e-05	0	1	SS06
B	2	B*55:01:01G	1	-77	1575.3	1042	894	1	6.62888e-05	0	1	SS06
C	1	C*01:02:01G	1	-13	1795.5	1046	704	1	0	0	1	SS06
C	2	C*15:02:01G	1	-13	1795.5	1046	704	1	0	0	1	SS06
DQA1	1	DQA1*03:01:01G	0.525	-0	0.658635	0	0	0.611872	0	0	1	SS06
DQA1	2	DQA1*03:01:01G	0.05	-0	0.658635	0	0	0.611872	0	0	1	SS06
DQB1	1	DQB1*03:03:02G	1	-2	24.5407	6	2	1	0.000301841	0	1	SS06
DQB1	2	DQB1*06:03:01G	0.5	-2	24.5407	6	2	0.929167	0.000301841	0	1	SS06
DRB1	1	DRB1*13:01:01G	1	-8	817.465	549	414	1	1.3345e-05	0	1	SS06
DRB1	2	DRB1*09:06	0.200214	-8	817.465	549	414	0.9375	1.3345e-05	0	1	SS06
DPA1	1	DPA1*01:03:03	0.221912	-0	0.170732	0	0	0.0555556	0	0	1	SS06
DPA1	2	DPA1*01:03:03	0.0110934	-0	0.170732	0	0	0.0555556	0	0	1	SS06
DPB1	1	DPB1*02:01:02G	1	-3	298.386	105	67	1	0	0	1	SS06
DPB1	2	DPB1*13:01:01G	1	-3	298.386	105	67	1	0	0	1	SS06
DRB3	1	DRB3*02:02:01G	1	-0	224.581	155	117	1	0	0	1	SS06
DRB3	2	DRB3*02:02:01G	1	-0	224.581	155	117	1	0	0	1	SS06
DRB4	1	DRB4*01:01:01G	1	-0	416.899	231	217	1	0	0	1	SS06
DRB4	2	DRB4*03:01N	1	-0	416.899	231	217	-1	0	0	1	SS06
E	1	E*01:01:01G	1	-0	3121.34	1987	1497	1	0	0	1	SS06
E	2	E*01:03:01G	1	-0	3121.34	1987	1497	1	0	0	1	SS06
F	1	F*01:01:01G	1	-0	550.562	185	161	1	0	0	1	SS06
F	2	F*01:01:01G	1	-0	550.562	185	161	1	0	0	1	SS06
G	1	G*01:01:02G	1	-1	2581.42	1242	894	1	0	0	1	SS06
G	2	G*01:01:03G	1	-1	2581.42	1242	894	1	0	0	1	SS06
A	1	A*02:01:01G	1	-20	1680.32	1002	854	1	5.46823e-06	0	1	SS08
A	2	A*24:02:01G	1	-20	1680.32	1002	854	1	5.46823e-06	0	1	SS08
B	1	B*39:05:01	1	-29	1596.8	980	890	1	1.77345e-05	0	0	SS08
B	2	B*40:02:01G	1	-29	1596.8	980	890	1	1.77345e-05	0	1	SS08
C	1	C*03:04:01G	1	-41	1611.34	1109	821	1	1.05724e-05	0	1	SS08
C	2	C*07:02:01G	1	-41	1611.34	1109	821	1	1.05724e-05	0	1	SS08
DQA1	1	DQA1*01:01:01G	0.1	-0	0	0	0	0	0	0	1	SS08
DQA1	2	DQA1*01:01:01G	0.00526316	-0	0	0	0	0	0	0	1	SS08
DQB1	1	DQB1*04:02:01G	1	-9	54.5741	14	10	1	0.000610791	0	1	SS08
DQB1	2	DQB1*04:02:01G	0.999447	-9	54.5741	14	10	1	0.000610791	0	1	SS08
DRB1	1	DRB1*08:02:01	1	-0	817.145	540	359	1	0	0	0	SS08
DRB1	2	DRB1*08:02:01	1	-0	817.145	540	359	1	0	0	0	SS08
DPA1	1	DPA1*01:03:01G	0.0555556	-0	0	0	0	0	0	0	1	SS08
DPA1	2	DPA1*01:03:01G	0.0015873	-0	0	0	0	0	0	0	1	SS08
DPB1	1	DPB1*04:02:01G	1	-1	301.466	102	44	1	1.25649e-05	0	1	SS08
DPB1	2	DPB1*04:02:01G	1	-1	301.466	102	44	1	1.25649e-05	0	1	SS08
DRB3	1	DRB3*01:01:02G	0.0377358	-0	0	0	0	0.295833	0	0	1	SS08
DRB3	2	DRB3*01:01:02G	0.000725689	-0	0	0	0	0.295833	0	0	1	SS08
DRB4	1	DRB4*03:01N	1	-0	13.2347	13	13	-1	0	0	1	SS08
DRB4	2	DRB4*01:01:01G	0.333185	-0	13.2347	13	13	0.233333	0	0	1	SS08
E	1	E*01:01:01G	1	-0	3021.1	1808	1431	1	0	0	1	SS08
E	2	E*01:03:02G	1	-0	3021.1	1808	1431	1	0	0	1	SS08
F	1	F*01:01:01G	1	-0	523.813	147	87	1	0	0	1	SS08
F	2	F*01:01:01G	1	-0	523.813	147	87	1	0	0	1	SS08
G	1	G*01:01:01G	0.5	-1	2553.89	1267	879	1	7.17143e-07	0	1	SS08
G	2	G*01:04:01G	0.5	-1	2553.89	1267	879	1	7.17143e-07	0	1	SS08
A	1	A*02:13	1	-11	1200.41	712	670	1	0	0	1	SS11
A	2	A*24:02:01G	1	-11	1200.41	712	670	1	0	0	1	SS11
B	1	B*35:22	1	-37	1307.76	800	734	1	4.06018e-05	0	1	SS11
B	2	B*48:01:01G	1	-37	1307.76	800	734	1	4.06018e-05	0	1	SS11
C	1	C*04:01:01G	1	-7	1151.83	701	527	1	0	0	1	SS11
C	2	C*08:03:01G	1	-7	1151.83	701	527	1	0	0	1	SS11
DQA1	1	DQA1*01:01:01G	0.1	-0	0	0	0	0	0	0	1	SS11
DQA1	2	DQA1*01:01:01G	0.00526316	-0	0	0	0	0	0	0	1	SS11
DQB1	1	DQB1*04:02:01G	1	-28	32.8296	10	7	1	0.000338448	0	1	SS11
DQB1	2	DQB1*03:01:01G	0.999332	-28	32.8296	10	7	1	0.000338448	0	1	SS11
DRB1	1	DRB1*08:02:01	1	-6	644.731	454	380	1	0	0	0	SS11
DRB1	2	DRB1*14:02:01	1	-6	644.731	454	380	1	0	0	0	SS11
DPA1	1	DPA1*01:03:01G	0.0555556	-0	0	0	0	0	0	0	1	SS11
DPA1	2	DPA1*01:03:01G	0.0015873	-0	0	0	0	0	0	0	1	SS11
DPB1	1	DPB1*04:01:01G	1	-2	221.784	74	41	1	1.70791e-05	0	1	SS11
DPB1	2	DPB1*04:02:01G	1	-2	221.784	74	41	1	1.70791e-05	0	1	SS11
DRB3	1	DRB3*01:01:02G	1	-0	168.083	92	72	1	0	0	1	SS11
DRB3	2	DRB3*01:01:02G	1	-0	168.083	92	72	1	0	0	1	SS11
DRB4	1	DRB4*03:01N	1	-0	115	115	115	-1	0	0	1	SS11
DRB4	2	DRB4*03:01N	1	-0	115	115	115	-1	0	0	1	SS11
E	1	E*01:01:01G	0.999998	-0	2113.65	1401	964	1	0	0	1	SS11
E	2	E*01:03:02G	0.999998	-0	2113.65	1401	964	1	0	0	1	SS11
F	1	F*01:01:01G	1	-0	430.013	93	79	1	0	0	1	SS11
F	2	F*01:01:01G	1	-0	430.013	93	79	1	0	0	1	SS11
G	1	G*01:01:02G	1	-0	1811.88	893	673	1	0	0	1	SS11
G	2	G*01:04:01G	1	-0	1811.88	893	673	1	0	0	1	SS11
A	1	A*02:01:01G	1	-624	1484.34	1138	979	1	0.000503471	0	1	SS14
A	2	A*68:02:01G	1	-624	1484.34	1138	979	1	0.000503471	0	1	SS14
B	1	B*14:02:01	1	-11	1312.04	847	713	1	9.44281e-06	0	0	SS14
B	2	B*35:05:01	1	-11	1312.04	847	713	1	9.44281e-06	0	0	SS14
C	1	C*08:02:01G	1	-1	1260.7	816	601	1	0	0	1	SS14
C	2	C*08:03:01G	1	-1	1260.7	816	601	1	0	0	1	SS14
DQA1	1	DQA1*01:01:01G	0.1	-0	0	0	0	0	0	0	1	SS14
DQA1	2	DQA1*01:01:01G	0.00526316	-0	0	0	0	0	0	0	1	SS14
DQB1	1	DQB1*03:02:01G	0.998334	-0	18.1741	2	2	1	0	0	1	SS14
DQB1	2	DQB1*05:01:01G	0.199574	-0	18.1741	2	2	0.791667	0	0	1	SS14
DRB1	1	DRB1*01:02:01G	1	-8	761.887	505	375	1	0	0	1	SS14
DRB1	2	DRB1*04:04:01	1	-8	761.887	505	375	1	0	0	1	SS14
DPA1	1	DPA1*01:03:01G	0.14926	-0	0.430894	0	0	0.351852	0	0	1	SS14
DPA1	2	DPA1*01:03:01G	0.00694184	-0	0.430894	0	0	0.351852	0	0	1	SS14
DPB1	1	DPB1*04:02:01G	1	-2	246.587	79	48	1	1.53612e-05	0	1	SS14
DPB1	2	DPB1*17:01:01G	1	-2	246.587	79	48	1	1.53612e-05	0	1	SS14
DRB3	1	DRB3*01:01:02G	0.0377358	-0	0	0	0	0.1375	0	0	1	SS14
DRB3	2	DRB3*01:01:02G	0.000725689	-0	0	0	0	0.1375	0	0	1	SS14
DRB4	1	DRB4*01:01:01G	1	-0	260.339	111	96	1	0	0	1	SS14
DRB4	2	DRB4*03:01N	1	-0	260.339	111	96	-1	0	0	1	SS14
E	1	E*01:03:02G	1	-0	2467.51	1503	1144	1	0	0	1	SS14
E	2	E*01:03:02G	1	-0	2467.51	1503	1144	1	0	0	1	SS14
F	1	F*01:01:01G	1	-0	426.771	136	82	1	0	0	1	SS14
F	2	F*01:01:01G	1	-0	426.771	136	82	1	0	0	1	SS14
G	1	G*01:01:02G	1	-0	2145.57	977	713	1	0	0	1	SS14
G	2	G*01:01:02G	1	-0	2145.57	977	713	1	0	0	1	SS14
A	1	A*02:01:01G	1	-6	1438.25	1036	805	1	3.19428e-06	0	1	SS16
A	2	A*02:105	1	-6	1438.25	1036	805	1	3.19428e-06	0	1	SS16
B	1	B*35:05:01	1	-47	1538.85	926	798	1	4.25556e-05	0	0	SS16
B	2	B*40:02:01G	1	-47	1538.85	926	798	1	4.25556e-05	0	1	SS16
C	1	C*03:04:01G	1	-25	1412.56	942	679	1	1.20602e-05	0	1	SS16
C	2	C*04:01:01G	1	-25	1412.56	942	679	1	1.20602e-05	0	1	SS16
DQA1	1	DQA1*01:01:01G	0.1	-0	0	0	0	0	0	0	1	SS16
DQA1	2	DQA1*01:01:01G	0.00526316	-0	0	0	0	0	0	0	1	SS16
DQB1	1	DQB1*04:02:01G	1	-57	40.963	16	9	1	9.04159e-05	0	1	SS16
DQB1	2	DQB1*03:02:01G	0.998667	-57	40.963	16	9	1	9.04159e-05	0	1	SS16
DRB1	1	DRB1*04:04:01	1	-4	913.255	485	324	1	1.59271e-05	0	1	SS16
DRB1	2	DRB1*04:10:01G	1	-4	913.255	485	324	1	1.59271e-05	0	1	SS16
DPA1	1	DPA1*01:03:01G	0.0555556	-0	0	0	0	0	0	0	1	SS16
DPA1	2	DPA1*01:03:01G	0.0015873	-0	0	0	0	0	0	0	1	SS16
DPB1	1	DPB1*04:02:01G	1	-1	246.792	66	30	1	1.53485e-05	0	1	SS16
DPB1	2	DPB1*04:02:01G	1	-1	246.792	66	30	1	1.53485e-05	0	1	SS16
DRB3	1	DRB3*01:01:02G	0.0377358	-0	0	0	0	0.154167	0	0	1	SS16
DRB3	2	DRB3*01:01:02G	0.000725689	-0	0	0	0	0.154167	0	0	1	SS16
DRB4	1	DRB4*01:01:01G	1	-0	477.556	109	81	1	0	0	1	SS16
DRB4	2	DRB4*01:01:01G	1	-0	477.556	109	81	1	0	0	1	SS16
E	1	E*01:01:01G	1	-0	2670.74	1746	1337	1	0	0	1	SS16
E	2	E*01:03:01G	1	-0	2670.74	1746	1337	1	0	0	1	SS16
F	1	F*01:01:01G	1	-0	494.654	110	97	1	0	0	1	SS16
F	2	F*01:01:01G	1	-0	494.654	110	97	1	0	0	1	SS16
G	1	G*01:01:01G	1	-0	2226.17	1109	795	1	0	0	1	SS16
G	2	G*01:01:02G	1	-0	2226.17	1109	795	1	0	0	1	SS16
A	1	A*24:02:01G	1	-0	2002.87	910	783	1	0	0	1	ATLSkin_11
A	2	A*24:02:01G	1	-0	2002.87	910	783	1	0	0	1	ATLSkin_11
B	1	B*15:18:01G	1	-24	1956.5	1272	903	1	9.04633e-07	0	1	ATLSkin_11
B	2	B*54:01:01G	1	-24	1956.5	1272	903	1	9.04633e-07	0	1	ATLSkin_11
C	1	C*01:02:01G	1	-24	2159.74	1323	901	1	0	0	1	ATLSkin_11
C	2	C*07:04:01G	1	-24	2159.74	1323	901	1	0	0	1	ATLSkin_11
DQA1	1	DQA1*01:01:01G	0.1	-0	0	0	0	0	0	0	1	ATLSkin_11
DQA1	2	DQA1*01:01:01G	0.00526316	-0	0	0	0	0	0	0	1	ATLSkin_11
DQB1	1	DQB1*04:02:01G	1	-14	86.4519	29	21	1	0	0	1	ATLSkin_11
DQB1	2	DQB1*05:03:01G	1	-14	86.4519	29	21	1	0	0	1	ATLSkin_11
DRB1	1	DRB1*04:10:01G	1	-6	1255.98	932	724	1	0	0	1	ATLSkin_11
DRB1	2	DRB1*14:01:01G	1	-6	1255.98	932	724	1	0	0	1	ATLSkin_11
DPA1	1	DPA1*01:03:01G	0.0555556	-0	0	0	0	0	0	0	1	ATLSkin_11
DPA1	2	DPA1*01:03:01G	0.0015873	-0	0	0	0	0	0	0	1	ATLSkin_11
DPB1	1	DPB1*03:01:01G	1	-1	357.996	102	65	1	1.05808e-05	0	1	ATLSkin_11
DPB1	2	DPB1*04:02:01G	1	-1	357.996	102	65	1	1.05808e-05	0	1	ATLSkin_11
DRB3	1	DRB3*02:02:01G	1	-0	257.993	159	103	1	0	0	1	ATLSkin_11
DRB3	2	DRB3*02:02:01G	1	-0	257.993	159	103	1	0	0	1	ATLSkin_11
DRB4	1	DRB4*01:01:01G	1	-0	402.895	179	167	1	0	0	1	ATLSkin_11
DRB4	2	DRB4*03:01N	1	-0	402.895	179	167	-1	0	0	1	ATLSkin_11
E	1	E*01:01:01G	0.999998	-0	3503.8	2182	1541	1	0	0	1	ATLSkin_11
E	2	E*01:03:02G	0.999998	-0	3503.8	2182	1541	1	0	0	1	ATLSkin_11
F	1	F*01:01:01G	1	-0	655.416	146	134	1	0	0	1	ATLSkin_11
F	2	F*01:01:01G	1	-0	655.416	146	134	1	0	0	1	ATLSkin_11
G	1	G*01:04:01G	1	-0	2842.31	1327	879	1	0	0	1	ATLSkin_11
G	2	G*01:04:01G	1	-0	2842.31	1327	879	1	0	0	1	ATLSkin_11
A	1	A*24:02:01G	1	-17	1341.43	716	619	1	1.14161e-06	0	1	ATLSkin_12
A	2	A*26:03:01	1	-17	1341.43	716	619	1	1.14161e-06	0	1	ATLSkin_12
B	1	B*15:01:01G	1	-83	1241.49	645	555	1	4.98973e-05	0	1	ATLSkin_12
B	2	B*59:01:01G	1	-83	1241.49	645	555	1	4.98973e-05	0	1	ATLSkin_12
C	1	C*01:02:01G	1	-22	1196.28	818	536	1	8.54434e-06	0	1	ATLSkin_12
C	2	C*03:03:01G	1	-22	1196.28	818	536	1	8.54434e-06	0	1	ATLSkin_12
DQA1	1	DQA1*01:01:01G	0.1	-0	0	0	0	0	0	0	1	ATLSkin_12
DQA1	2	DQA1*01:01:01G	0.00526316	-0	0	0	0	0	0	0	1	ATLSkin_12
DQB1	1	DQB1*04:01:01G	1	-44	45.937	14	9	1	8.06257e-05	0	1	ATLSkin_12
DQB1	2	DQB1*06:02:01G	0.998002	-44	45.937	14	9	1	8.06257e-05	0	1	ATLSkin_12
DRB1	1	DRB1*04:05:01	1	-14	1229.4	951	715	1	0	0	0	ATLSkin_12
DRB1	2	DRB1*15:01:01G	1	-14	1229.4	951	715	1	0	0	1	ATLSkin_12
DPA1	1	DPA1*02:01:01;DPA1*02:01:08	0.270793	-0	0.46748	0	0	0.324074	0	0	0	ATLSkin_12
DPA1	2	DPA1*02:01:01;DPA1*02:01:08	0.0138866	-0	0.46748	0	0	0.324074	0	0	0	ATLSkin_12
DPB1	1	DPB1*05:01:01G	1	-1	176.799	48	31	1	0	0	1	ATLSkin_12
DPB1	2	DPB1*13:01:01G	1	-1	176.799	48	31	1	0	0	1	ATLSkin_12
DRB3	1	DRB3*02:01:01G	0.108032	-0	0.509025	0	0	0.6125	0	0	1	ATLSkin_12
DRB3	2	DRB3*02:01:01G	0.00342939	-0	0.509025	0	0	0.6125	0	0	1	ATLSkin_12
DRB4	1	DRB4*01:01:01G	1	-0	202.686	38	26	1	0	0	1	ATLSkin_12
DRB4	2	DRB4*01:01:01G	1	-0	202.686	38	26	1	0	0	1	ATLSkin_12
E	1	E*01:03:01G	1	-0	2135.46	1339	1016	1	0	0	1	ATLSkin_12
E	2	E*01:03:02G	1	-0	2135.46	1339	1016	1	0	0	1	ATLSkin_12
F	1	F*01:01:01G	1	-0	400.711	115	86	1	0	0	1	ATLSkin_12
F	2	F*01:01:01G	1	-0	400.711	115	86	1	0	0	1	ATLSkin_12
G	1	G*01:01:02G	1	-1	1784.98	826	592	1	0	0	1	ATLSkin_12
G	2	G*01:04:01G	1	-1	1784.98	826	592	1	0	0	1	ATLSkin_12
A	1	A*24:02:01G	1	-37	1553.58	847	781	1	1.67572e-05	0	1	ATLSkin_13
A	2	A*31:01:02G	1	-37	1553.58	847	781	1	1.67572e-05	0	1	ATLSkin_13
B	1	B*52:01:01G	1	-42	1359.34	801	699	1	2.21346e-05	0	1	ATLSkin_13
B	2	B*54:01:01G	1	-42	1359.34	801	699	1	2.21346e-05	0	1	ATLSkin_13
C	1	C*01:02:01G	1	-30	1576.75	916	657	1	0	0	1	ATLSkin_13
C	2	C*12:02:01G	1	-30	1576.75	916	657	1	0	0	1	ATLSkin_13
DQA1	1	DQA1*01:01:01G	0.1	-0	0	0	0	0	0	0	1	ATLSkin_13
DQA1	2	DQA1*01:01:01G	0.00526316	-0	0	0	0	0	0	0	1	ATLSkin_13
DQB1	1	DQB1*06:01:01G	1	-0	43.6704	15	7	1	0	0	1	ATLSkin_13
DQB1	2	DQB1*06:02:01G	0.500083	-0	43.6704	15	7	1	0	0	1	ATLSkin_13
DRB1	1	DRB1*15:01:01G	1	-159	2356.95	1747	1226	1	0.00024531	0	1	ATLSkin_13
DRB1	2	DRB1*15:02:01	1	-159	2356.95	1747	1226	1	0.00024531	0	0	ATLSkin_13
DPA1	1	DPA1*01:03:01G	0.0555556	-0	0	0	0	0	0	0	1	ATLSkin_13
DPA1	2	DPA1*01:03:01G	0.0015873	-0	0	0	0	0	0	0	1	ATLSkin_13
DPB1	1	DPB1*02:01:02G	1	-1	272.091	85	54	1	0	0	1	ATLSkin_13
DPB1	2	DPB1*05:01:01G	1	-1	272.091	85	54	1	0	0	1	ATLSkin_13
DRB3	1	DRB3*01:01:02G	0.0377358	-0	1	1	1	0.245833	0.974729	0	1	ATLSkin_13
DRB3	2	DRB3*01:01:02G	0.000725689	-0	1	1	1	0.245833	0.974729	0	1	ATLSkin_13
DRB4	1	DRB4*03:01N	1	-0	2	2	2	-1	0	0	1	ATLSkin_13
DRB4	2	DRB4*03:01N	0.307692	-0	2	2	2	-1	0	0	1	ATLSkin_13
E	1	E*01:03:01G	1	-0	2627.55	1600	1144	1	0	0	1	ATLSkin_13
E	2	E*01:03:02G	1	-0	2627.55	1600	1144	1	0	0	1	ATLSkin_13
F	1	F*01:01:01G	1	-0	471.414	122	85	1	0	0	1	ATLSkin_13
F	2	F*01:01:01G	1	-0	471.414	122	85	1	0	0	1	ATLSkin_13
G	1	G*01:01:02G	1	-1	2136.82	931	727	1	0	0	1	ATLSkin_13
G	2	G*01:04:01G	1	-1	2136.82	931	727	1	0	0	1	ATLSkin_13
A	1	A*02:10:01G	1	-13	1541.7	900	836	1	3.97326e-06	0	1	ATLSkin_14
A	2	A*24:02:01G	1	-13	1541.7	900	836	1	3.97326e-06	0	1	ATLSkin_14
B	1	B*40:06:01G	1	-60	1534.32	977	734	1	0	0	1	ATLSkin_14
B	2	B*54:01:01G	1	-60	1534.32	977	734	1	0	0	1	ATLSkin_14
C	1	C*01:02:01G	1	-86	1691.23	1055	707	1	1.81314e-05	0	1	ATLSkin_14
C	2	C*08:01:01G	1	-86	1691.23	1055	707	1	1.81314e-05	0	1	ATLSkin_14
DQA1	1	DQA1*01:01:01G	0.1	-0	0	0	0	0	0	0	1	ATLSkin_14
DQA1	2	DQA1*01:01:01G	0.00526316	-0	0	0	0	0	0	0	1	ATLSkin_14
DQB1	1	DQB1*03:03:02G	1	-2	35.7519	13	9	1	0.000207189	0	1	ATLSkin_14
DQB1	2	DQB1*05:02:01G	1	-2	35.7519	13	9	1	0.000207189	0	1	ATLSkin_14
DRB1	1	DRB1*15:96	1	-1914	1301.02	935	574	1	0.00404438	0	1	ATLSkin_14
DRB1	2	DRB1*16:02:01	1	-1914	1301.02	935	574	1	0.00404438	0	0	ATLSkin_14
DPA1	1	DPA1*01:03:01G	0.0555556	-0	0	0	0	0	0	0	1	ATLSkin_14
DPA1	2	DPA1*01:03:01G	0.0015873	-0	0	0	0	0	0	0	1	ATLSkin_14
DPB1	1	DPB1*02:01:02G	1	-2	288.36	94	50	1	0	0	1	ATLSkin_14
DPB1	2	DPB1*05:01:01G	1	-2	288.36	94	50	1	0	0	1	ATLSkin_14
DRB3	1	DRB3*01:01:02G	0.0377358	-0	0	0	0	0.354167	0	0	1	ATLSkin_14
DRB3	2	DRB3*01:01:02G	0.000725689	-0	0	0	0	0.354167	0	0	1	ATLSkin_14
DRB4	1	DRB4*01:01:01G	1	-0	280.469	47	33	1	0	0	1	ATLSkin_14
DRB4	2	DRB4*01:01:01G	1	-0	280.469	47	33	1	0	0	1	ATLSkin_14
E	1	E*01:01:01G	1	-0	2704.29	1604	1144	1	0	0	1	ATLSkin_14
E	2	E*01:01:01G	1	-0	2704.29	1604	1144	1	0	0	1	ATLSkin_14
F	1	F*01:01:01G	1	-0	502.908	100	71	1	0	0	1	ATLSkin_14
F	2	F*01:01:01G	1	-0	502.908	100	71	1	0	0	1	ATLSkin_14
G	1	G*01:01:01G	0.5	-0	2426.75	1057	703	1	0	0	1	ATLSkin_14
G	2	G*01:04:01G	0.5	-0	2426.75	1057	703	1	0	0	1	ATLSkin_14
A	1	A*02:01:01G	1	-11	1272.93	651	618	1	2.40609e-06	0	1	ATLSkin_15
A	2	A*24:02:01G	1	-11	1272.93	651	618	1	2.40609e-06	0	1	ATLSkin_15
B	1	B*51:01:01G	1	-4	1367.81	649	540	1	5.1759e-06	0	1	ATLSkin_15
B	2	B*52:01:01G	1	-4	1367.81	649	540	1	5.1759e-06	0	1	ATLSkin_15
C	1	C*12:02:01G	1	-22	1651.68	882	562	1	4.12568e-06	0	1	ATLSkin_15
C	2	C*15:02:01G	1	-22	1651.68	882	562	1	4.12568e-06	0	1	ATLSkin_15
DQA1	1	DQA1*01:01:01G	0.1	-0	0	0	0	0	0	0	1	ATLSkin_15
DQA1	2	DQA1*01:01:01G	0.00526316	-0	0	0	0	0	0	0	1	ATLSkin_15
DQB1	1	DQB1*06:01:01G	1	-31	74.6481	31	23	1	0	0	1	ATLSkin_15
DQB1	2	DQB1*04:01:01G	0.25	-31	74.6481	31	23	1	0	0	1	ATLSkin_15
DRB1	1	DRB1*04:05:01	1	-8	1623	1177	865	1	0	0	0	ATLSkin_15
DRB1	2	DRB1*15:02:01	1	-8	1623	1177	865	1	0	0	0	ATLSkin_15
DPA1	1	DPA1*01:03:01G	0.0555556	-0	0	0	0	0	0	0	1	ATLSkin_15
DPA1	2	DPA1*01:03:01G	0.0015873	-0	0	0	0	0	0	0	1	ATLSkin_15
DPB1	1	DPB1*02:01:02G	1	-1	291.89	82	44	1	0	0	1	ATLSkin_15
DPB1	2	DPB1*09:01:01	1	-1	291.89	82	44	1	0	0	1	ATLSkin_15
DRB3	1	DRB3*01:01:02G	0.0377358	-0	0	0	0	0.258333	0	0	1	ATLSkin_15
DRB3	2	DRB3*01:01:02G	0.000725689	-0	0	0	0	0.258333	0	0	1	ATLSkin_15
DRB4	1	DRB4*01:01:01G	1	-0	208.628	37	28	1	0	0	1	ATLSkin_15
DRB4	2	DRB4*01:01:01G	1	-0	208.628	37	28	1	0	0	1	ATLSkin_15
E	1	E*01:01:01G	1	-0	2594.53	1704	1355	1	0	0	1	ATLSkin_15
E	2	E*01:01:01G	1	-0	2594.53	1704	1355	1	0	0	1	ATLSkin_15
F	1	F*01:01:01G	1	-0	500.962	126	93	1	0	0	1	ATLSkin_15
F	2	F*01:01:01G	1	-0	500.962	126	93	1	0	0	1	ATLSkin_15
G	1	G*01:01:01G	0.5	-0	2335.55	1112	917	1	0	0	1	ATLSkin_15
G	2	G*01:04:01G	0.5	-0	2335.55	1112	917	1	0	0	1	ATLSkin_15
A	1	A*11:01:01G	1	-4438	2560.22	1567	1224	1	0.00234056	1	1	ATLSkin_16
A	2	A*33:03:01G	1	-4438	2560.22	1567	1224	1	0.00234056	1	1	ATLSkin_16
B	1	B*07:02:01G	1	-25	2106.75	1195	1000	1	0	0	1	ATLSkin_16
B	2	B*44:03:01G	1	-25	2106.75	1195	1000	1	0	0	1	ATLSkin_16
C	1	C*07:02:01G	1	-43	1907.43	1299	787	1	8.93127e-07	0	1	ATLSkin_16
C	2	C*14:03:01G	1	-43	1907.43	1299	787	1	8.93127e-07	0	1	ATLSkin_16
DQA1	1	DQA1*01:01:01G	0.1	-0	0	0	0	0	0	0	1	ATLSkin_16
DQA1	2	DQA1*01:01:01G	0.00526316	-0	0	0	0	0	0	0	1	ATLSkin_16
DQB1	1	DQB1*06:01:01G	1	-0	80.4926	23	11	1	0	0	1	ATLSkin_16
DQB1	2	DQB1*05:01:01G	0.999999	-0	80.4926	23	11	1	0	0	1	ATLSkin_16
DRB1	1	DRB1*01:01:01G	1	-6	1046.1	725	608	1	6.95224e-06	0	1	ATLSkin_16
DRB1	2	DRB1*08:03:02	1	-6	1046.1	725	608	1	6.95224e-06	0	0	ATLSkin_16
DPA1	1	DPA1*01:03:01G	0.0555556	-0	0	0	0	0	0	0	1	ATLSkin_16
DPA1	2	DPA1*01:03:01G	0.0015873	-0	0	0	0	0	0	0	1	ATLSkin_16
DPB1	1	DPB1*04:02:01G	1	-0	353.553	121	67	1	0	0	1	ATLSkin_16
DPB1	2	DPB1*05:01:01G	1	-0	353.553	121	67	1	0	0	1	ATLSkin_16
DRB3	1	DRB3*01:01:02G	0.0377358	-0	0	0	0	0.229167	0	0	1	ATLSkin_16
DRB3	2	DRB3*01:01:02G	0.000725689	-0	0	0	0	0.229167	0	0	1	ATLSkin_16
DRB4	1	DRB4*03:01N	1	-0	134	134	134	-1	0	0	1	ATLSkin_16
DRB4	2	DRB4*03:01N	1	-0	134	134	134	-1	0	0	1	ATLSkin_16
E	1	E*01:01:01G	1	-14	3480.79	2156	1575	1	7.36644e-06	0	1	ATLSkin_16
E	2	E*01:03:01G	1	-14	3480.79	2156	1575	1	7.36644e-06	0	1	ATLSkin_16
F	1	F*01:01:01G	1	-0	602.084	187	178	1	0	0	1	ATLSkin_16
F	2	F*01:01:01G	1	-0	602.084	187	178	1	0	0	1	ATLSkin_16
G	1	G*01:01:03G	1	-3	2790.38	1278	922	1	0	0	1	ATLSkin_16
G	2	G*01:04:01G	1	-3	2790.38	1278	922	1	0	0	1	ATLSkin_16
A	1	A*11:01:01G	1	-20	2033.04	1323	1073	1	3.01301e-06	0	1	ATLSkin_17
A	2	A*26:03:01	1	-20	2033.04	1323	1073	1	3.01301e-06	0	1	ATLSkin_17
B	1	B*15:01:01G	1	-19	1830.44	1170	929	1	8.70238e-06	0	1	ATLSkin_17
B	2	B*67:01:01	1	-19	1830.44	1170	929	1	8.70238e-06	0	1	ATLSkin_17
C	1	C*03:03:01G	1	-32	1645.3	1064	787	1	3.10626e-06	0	1	ATLSkin_17
C	2	C*07:02:01G	1	-32	1645.3	1064	787	1	3.10626e-06	0	1	ATLSkin_17
DQA1	1	DQA1*01:01:01G	0.1	-0	0	0	0	0	0	0	1	ATLSkin_17
DQA1	2	DQA1*01:01:01G	0.00526316	-0	0	0	0	0	0	0	1	ATLSkin_17
DQB1	1	DQB1*03:03:02G	1	-3	28.6704	10	2	1	0.000387547	0	1	ATLSkin_17
DQB1	2	DQB1*06:02:01G	0.498918	-3	28.6704	10	2	0.920833	0.000387547	0	1	ATLSkin_17
DRB1	1	DRB1*09:01:02G	1	-29	1585.84	1208	883	1	2.29302e-06	0	1	ATLSkin_17
DRB1	2	DRB1*15:01:01G	1	-29	1585.84	1208	883	1	2.29302e-06	0	1	ATLSkin_17
DPA1	1	DPA1*01:03:01G	0.0555556	-0	0	0	0	0	0	0	1	ATLSkin_17
DPA1	2	DPA1*01:03:01G	0.0015873	-0	0	0	0	0	0	0	1	ATLSkin_17
DPB1	1	DPB1*05:01:01G	1	-1	307.652	94	50	1	1.23122e-05	0	1	ATLSkin_17
DPB1	2	DPB1*05:01:01G	1	-1	307.652	94	50	1	1.23122e-05	0	1	ATLSkin_17
DRB3	1	DRB3*01:01:02G	0.0377358	-0	0	0	0	0.441667	0	0	1	ATLSkin_17
DRB3	2	DRB3*01:01:02G	0.000725689	-0	0	0	0	0.441667	0	0	1	ATLSkin_17
DRB4	1	DRB4*01:01:01G	1	-0	273.285	57	31	1	0	0	1	ATLSkin_17
DRB4	2	DRB4*01:01:01G	1	-0	273.285	57	31	1	0	0	1	ATLSkin_17
E	1	E*01:03:01G	1	-0	3280.26	2141	1632	1	0	0	1	ATLSkin_17
E	2	E*01:03:01G	1	-0	3280.26	2141	1632	1	0	0	1	ATLSkin_17
F	1	F*01:01:01G	1	-0	498.441	135	126	1	0	0	1	ATLSkin_17
F	2	F*01:01:01G	1	-0	498.441	135	126	1	0	0	1	ATLSkin_17
G	1	G*01:01:01G	1	-0	2681.7	1287	914	1	0	0	1	ATLSkin_17
G	2	G*01:01:02G	1	-0	2681.7	1287	914	1	0	0	1	ATLSkin_17
A	1	A*02:01:01G	1	-631	1283.14	797	717	1	0.000454714	0	1	IRID027
A	2	A*31:02	1	-631	1283.14	797	717	1	0.000454714	0	1	IRID027
B	1	B*35:05:01	1	-10	1124.77	702	622	1	0	0	0	IRID027
B	2	B*39:05:01	1	-10	1124.77	702	622	1	0	0	0	IRID027
C	1	C*04:01:01G	1	-53	1192.06	652	591	1	5.71643e-06	0	1	IRID027
C	2	C*07:02:01G	1	-53	1192.06	652	591	1	5.71643e-06	0	1	IRID027
DQA1	1	DQA1*01:01:01G	0.1	-0	0	0	0	0	0	0	1	IRID027
DQA1	2	DQA1*01:01:01G	0.00526316	-0	0	0	0	0	0	0	1	IRID027
DQB1	1	DQB1*03:03:02G	0.999474	-3	9.71481	3	2	1	0.00114373	0	1	IRID027
DQB1	2	DQB1*03:02:01G	0.366437	-3	9.71481	3	2	1	0.00114373	0	1	IRID027
DRB1	1	DRB1*04:04:01	1	-7	484.698	309	209	1	0	0	1	IRID027
DRB1	2	DRB1*09:01:02G	1	-7	484.698	309	209	1	0	0	1	IRID027
DPA1	1	DPA1*01:03:01G	0.0555556	-0	0	0	0	0	0	0	1	IRID027
DPA1	2	DPA1*01:03:01G	0.0015873	-0	0	0	0	0	0	0	1	IRID027
DPB1	1	DPB1*04:01:01G	1	-1	174.682	60	53	1	0	0	1	IRID027
DPB1	2	DPB1*14:01:01	1	-1	174.682	60	53	1	0	0	0	IRID027
DRB3	1	DRB3*01:01:02G	0.0377358	-0	0	0	0	0.3375	0	0	1	IRID027
DRB3	2	DRB3*01:01:02G	0.000725689	-0	0	0	0	0.3375	0	0	1	IRID027
DRB4	1	DRB4*01:01:01G	1	-0	339.686	93	55	1	0	0	1	IRID027
DRB4	2	DRB4*01:01:01G	1	-0	339.686	93	55	1	0	0	1	IRID027
E	1	E*01:01:01G	1	-0	2048.27	1310	990	1	0	0	1	IRID027
E	2	E*01:01:01G	1	-0	2048.27	1310	990	1	0	0	1	IRID027
F	1	F*01:01:01G	1	-0	413.015	93	59	1	0	0	1	IRID027
F	2	F*01:01:01G	1	-0	413.015	93	59	1	0	0	1	IRID027
G	1	G*01:01:01G	1	-0	1769.06	774	611	1	0	0	1	IRID027
G	2	G*01:03:01G	1	-0	1769.06	774	611	1	0	0	1	IRID027
A	1	A*02:13	1	-250	896.034	608	527	1	0.000323016	0	1	IRID028
A	2	A*68:01:02G	1	-250	896.034	608	527	1	0.000323016	0	1	IRID028
B	1	B*40:02:01G	1	-4	815.788	411	372	1	2.16957e-06	0	1	IRID028
B	2	B*40:04	1	-4	815.788	411	372	1	2.16957e-06	0	1	IRID028
C	1	C*03:04:01G	1	-0	714.334	496	361	1	0	0	1	IRID028
C	2	C*03:04:01G	1	-0	714.334	496	361	1	0	0	1	IRID028
DQA1	1	DQA1*01:01:01G	0.1	-0	0	0	0	0	0	0	1	IRID028
DQA1	2	DQA1*01:01:01G	0.00526316	-0	0	0	0	0	0	0	1	IRID028
DQB1	1	DQB1*04:02:01G	1	-13	22.5259	9	8	1	0.00213745	0	1	IRID028
DQB1	2	DQB1*04:02:01G	0.999855	-13	22.5259	9	8	1	0.00213745	0	1	IRID028
DRB1	1	DRB1*08:02:01	1	-0	372.335	261	176	1	0	0	0	IRID028
DRB1	2	DRB1*08:02:01	1	-0	372.335	261	176	1	0	0	0	IRID028
DPA1	1	DPA1*01:03:01G	0.0555556	-0	0	0	0	0	0	0	1	IRID028
DPA1	2	DPA1*01:03:01G	0.0015873	-0	0	0	0	0	0	0	1	IRID028
DPB1	1	DPB1*04:02:01G	1	-0	124.693	45	29	1	0	0	1	IRID028
DPB1	2	DPB1*04:02:01G	1	-0	124.693	45	29	1	0	0	1	IRID028
DRB3	1	DRB3*01:01:02G	0.0377358	-0	0	0	0	0.179167	0	0	1	IRID028
DRB3	2	DRB3*01:01:02G	0.000725689	-0	0	0	0	0.179167	0	0	1	IRID028
DRB4	1	DRB4*03:01N	1	-0	7	7	7	-1	0	0	1	IRID028
DRB4	2	DRB4*03:01N	0.934307	-0	7	7	7	-1	0	0	1	IRID028
E	1	E*01:01:01G	1	-0	1486.88	962	762	1	0	0	1	IRID028
E	2	E*01:03:02G	1	-0	1486.88	962	762	1	0	0	1	IRID028
F	1	F*01:01:01G	1	-0	275.13	93	65	1	0	0	1	IRID028
F	2	F*01:01:01G	1	-0	275.13	93	65	1	0	0	1	IRID028
G	1	G*01:01:02G	1	-0	1259.35	560	455	1	0	0	1	IRID028
G	2	G*01:01:02G	1	-0	1259.35	560	455	1	0	0	1	IRID028
A	1	A*02:01:01G	1	-1	885.516	576	469	1	1.72938e-06	0	1	IRID029
A	2	A*02:01:01G	1	-1	885.516	576	469	1	1.72938e-06	0	1	IRID029
B	1	B*44:03:01G	1	-25	922.681	481	418	1	1.15094e-05	0	1	IRID029
B	2	B*48:01:01G	1	-25	922.681	481	418	1	1.15094e-05	0	1	IRID029
C	1	C*08:03:01G	1	-4	986.974	608	418	1	0	0	1	IRID029
C	2	C*16:01:01G	1	-4	986.974	608	418	1	0	0	1	IRID029
DQA1	1	DQA1*01:01:01G	0.1	-0	0	0	0	0	0	0	1	IRID029
DQA1	2	DQA1*01:01:01G	0.00526316	-0	0	0	0	0	0	0	1	IRID029
DQB1	1	DQB1*02:01:01G	1	-2	41.4889	17	13	1	0.00017854	0	1	IRID029
DQB1	2	DQB1*03:01:01G	0.499999	-2	41.4889	17	13	1	0.00017854	0	1	IRID029
DRB1	1	DRB1*07:01:01G	1	-1	395.105	261	206	1	9.20353e-06	0	1	IRID029
DRB1	2	DRB1*14:02:01	1	-1	395.105	261	206	1	9.20353e-06	0	0	IRID029
DPA1	1	DPA1*01:03:01G	0.0555556	-0	0	0	0	0	0	0	1	IRID029
DPA1	2	DPA1*01:03:01G	0.0015873	-0	0	0	0	0	0	0	1	IRID029
DPB1	1	DPB1*02:01:02G	1	-4	146.712	33	12	1	0.000103274	0	1	IRID029
DPB1	2	DPB1*03:01:01G	1	-4	146.712	33	12	1	0.000103274	0	1	IRID029
DRB3	1	DRB3*01:01:02G	1	-0	127.935	97	74	1	0	0	1	IRID029
DRB3	2	DRB3*01:01:02G	1	-0	127.935	97	74	1	0	0	1	IRID029
DRB4	1	DRB4*01:01:01G	1	-0	205.029	109	103	1	0	0	1	IRID029
DRB4	2	DRB4*03:01N	1	-0	205.029	109	103	-1	0	0	1	IRID029
E	1	E*01:01:01G	1	-0	1567.3	947	741	1	0	0	1	IRID029
E	2	E*01:01:01G	1	-0	1567.3	947	741	1	0	0	1	IRID029
F	1	F*01:01:01G	1	-0	288.17	77	53	1	0	0	1	IRID029
F	2	F*01:01:01G	1	-0	288.17	77	53	1	0	0	1	IRID029
G	1	G*01:01:01G	1	-0	1370.03	636	498	1	0	0	1	IRID029
G	2	G*01:01:02G	1	-0	1370.03	636	498	1	0	0	1	IRID029
A	1	A*02:22:01G	1	-13	1318.16	758	696	1	0	0	1	IRID030
A	2	A*24:02:01G	1	-13	1318.16	758	696	1	0	0	1	IRID030
B	1	B*15:05:01	1	-13	1249.93	654	615	1	0	0	1	IRID030
B	2	B*51:01:01G	1	-13	1249.93	654	615	1	0	0	1	IRID030
C	1	C*03:03:01G	1	-2	1166.97	813	636	1	2.91966e-06	0	1	IRID030
C	2	C*03:04:01G	1	-2	1166.97	813	636	1	2.91966e-06	0	1	IRID030
DQA1	1	DQA1*01:01:01G	0.1	-0	0	0	0	0	0	0	1	IRID030
DQA1	2	DQA1*01:01:01G	0.00526316	-0	0	0	0	0	0	0	1	IRID030
DQB1	1	DQB1*03:01:01G	0.999666	-1	16.3	5	1	1	0.000227221	0	1	IRID030
DQB1	2	DQB1*03:03:02G	0.199933	-1	16.3	5	1	1	0.000227221	0	1	IRID030
DRB1	1	DRB1*09:01:02G	1	-8	474.309	308	252	1	0	0	1	IRID030
DRB1	2	DRB1*14:02:01	1	-8	474.309	308	252	1	0	0	0	IRID030
DPA1	1	DPA1*01:03:01G	0.0555556	-0	0	0	0	0	0	0	1	IRID030
DPA1	2	DPA1*01:03:01G	0.0015873	-0	0	0	0	0	0	0	1	IRID030
DPB1	1	DPB1*04:02:01G	1	-3	200.197	86	61	1	1.89208e-05	0	1	IRID030
DPB1	2	DPB1*13:01:01G	1	-3	200.197	86	61	1	1.89208e-05	0	1	IRID030
DRB3	1	DRB3*01:01:02G	1	-0	171.632	115	95	1	0	0	1	IRID030
DRB3	2	DRB3*01:01:02G	1	-0	171.632	115	95	1	0	0	1	IRID030
DRB4	1	DRB4*01:01:01G	1	-0	295.52	179	169	1	0	0	1	IRID030
DRB4	2	DRB4*03:01N	1	-0	295.52	179	169	-1	0	0	1	IRID030
E	1	E*01:01:01G	1	-0	2240.73	1441	1225	1	0	0	1	IRID030
E	2	E*01:01:01G	1	-0	2240.73	1441	1225	1	0	0	1	IRID030
F	1	F*01:01:01G	1	-0	421.731	118	90	1	0	0	1	IRID030
F	2	F*01:01:01G	1	-0	421.731	118	90	1	0	0	1	IRID030
G	1	G*01:01:01G	1	-0	2033.49	927	712	1	0	0	1	IRID030
G	2	G*01:04:01G	1	-0	2033.49	927	712	1	0	0	1	IRID030
A	1	A*02:01:01G	1	-348	1397	979	811	1	0.000245549	0	1	IRID032
A	2	A*68:02:01G	1	-348	1397	979	811	1	0.000245549	0	1	IRID032
B	1	B*14:02:01	1	-14	1306.43	773	691	1	5.41908e-06	0	0	IRID032
B	2	B*35:05:01	1	-14	1306.43	773	691	1	5.41908e-06	0	0	IRID032
C	1	C*08:02:01G	1	-10	1231.3	777	572	1	2.76712e-06	0	1	IRID032
C	2	C*08:03:01G	1	-10	1231.3	777	572	1	2.76712e-06	0	1	IRID032
DQA1	1	DQA1*03:01:01G	0.524683	-0	0.0803213	0	0	0	0	0	1	IRID032
DQA1	2	DQA1*03:01:01G	0.0499666	-0	0.0803213	0	0	0	0	0	1	IRID032
DQB1	1	DQB1*05:01:01G	0.999999	-1	16.0926	4	2	1	0.00023015	0	1	IRID032
DQB1	2	DQB1*03:02:01G	0.164913	-1	16.0926	4	2	0.733333	0.00023015	0	1	IRID032
DRB1	1	DRB1*01:02:01G	1	-4	681.604	463	369	1	0	0	1	IRID032
DRB1	2	DRB1*04:04:01	1	-4	681.604	463	369	1	0	0	1	IRID032
DPA1	1	DPA1*01:03:01G	0.0555556	-0	0	0	0	0	0	0	1	IRID032
DPA1	2	DPA1*01:03:01G	0.0015873	-0	0	0	0	0	0	0	1	IRID032
DPB1	1	DPB1*04:02:01G	1	-1	202.932	73	48	1	0	0	1	IRID032
DPB1	2	DPB1*17:01:01G	1	-1	202.932	73	48	1	0	0	1	IRID032
DRB3	1	DRB3*01:01:02G	0.0377358	-0	0	0	0	0.1625	0	0	1	IRID032
DRB3	2	DRB3*01:01:02G	0.000725689	-0	0	0	0	0.1625	0	0	1	IRID032
DRB4	1	DRB4*01:01:01G	1	-0	241.09	120	111	1	0	0	1	IRID032
DRB4	2	DRB4*03:01N	1	-0	241.09	120	111	-1	0	0	1	IRID032
E	1	E*01:03:02G	1	-0	2260.5	1461	1207	1	0	0	1	IRID032
E	2	E*01:03:02G	1	-0	2260.5	1461	1207	1	0	0	1	IRID032
F	1	F*01:01:01G	1	-0	446.126	124	93	1	0	0	1	IRID032
F	2	F*01:01:01G	1	-0	446.126	124	93	1	0	0	1	IRID032
G	1	G*01:01:02G	1	-0	1939.14	813	627	1	0	0	1	IRID032
G	2	G*01:01:02G	1	-0	1939.14	813	627	1	0	0	1	IRID032
A	1	A*02:01:01G	1	-0	1034.87	664	511	1	0	0	1	IRID033
A	2	A*02:01:01G	1	-0	1034.87	664	511	1	0	0	1	IRID033
B	1	B*35:01:01G	1	-8	1016.19	586	534	1	1.74172e-06	0	1	IRID033
B	2	B*40:02:01G	1	-8	1016.19	586	534	1	1.74172e-06	0	1	IRID033
C	1	C*03:04:01G	1	-7	977.376	602	404	1	0	0	1	IRID033
C	2	C*04:01:01G	1	-7	977.376	602	404	1	0	0	1	IRID033
DQA1	1	DQA1*01:01:01G	0.1	-0	0	0	0	0	0	0	1	IRID033
DQA1	2	DQA1*01:01:01G	0.00526316	-0	0	0	0	0	0	0	1	IRID033
DQB1	1	DQB1*04:02:01G	1	-20	29.2778	9	7	1	0.000632511	0	1	IRID033
DQB1	2	DQB1*03:02:01G	0.249792	-20	29.2778	9	7	0.929167	0.000632511	0	1	IRID033
DRB1	1	DRB1*04:04:01	1	-3	581.473	431	359	1	0	0	1	IRID033
DRB1	2	DRB1*08:02:01	1	-3	581.473	431	359	1	0	0	0	IRID033
DPA1	1	DPA1*01:03:01G	0.0555556	-0	0	0	0	0	0	0	1	IRID033
DPA1	2	DPA1*01:03:01G	0.0015873	-0	0	0	0	0	0	0	1	IRID033
DPB1	1	DPB1*04:02:01G	1	-0	167.951	63	39	1	0	0	1	IRID033
DPB1	2	DPB1*05:01:01G	1	-0	167.951	63	39	1	0	0	1	IRID033
DRB3	1	DRB3*01:01:02G	0.0377358	-0	0	0	0	0.154167	0	0	1	IRID033
DRB3	2	DRB3*01:01:02G	0.000725689	-0	0	0	0	0.154167	0	0	1	IRID033
DRB4	1	DRB4*01:01:01G	1	-0	149.144	36	20	1	0	0	1	IRID033
DRB4	2	DRB4*01:01:01G	1	-0	149.144	36	20	1	0	0	1	IRID033
E	1	E*01:01:01G	1	-0	1886.4	1169	977	1	0	0	1	IRID033
E	2	E*01:01:01G	1	-0	1886.4	1169	977	1	0	0	1	IRID033
F	1	F*01:01:01G	1	-0	379.976	75	60	1	0	0	1	IRID033
F	2	F*01:01:01G	1	-0	379.976	75	60	1	0	0	1	IRID033
G	1	G*01:01:01G	1	-0	1568.74	771	600	1	0	0	1	IRID033
G	2	G*01:01:02G	1	-0	1568.74	771	600	1	0	0	1	IRID033
A	1	A*02:01:01G	1	-27	1346.87	814	781	1	1.137e-06	0	1	IRID034
A	2	A*24:02:01G	1	-27	1346.87	814	781	1	1.137e-06	0	1	IRID034
B	1	B*35:05:01	1	-12	1285.89	749	722	1	4.12924e-06	0	0	IRID034
B	2	B*40:02:01G	1	-12	1285.89	749	722	1	4.12924e-06	0	1	IRID034
C	1	C*03:05:01G	1	-18	1244.57	806	679	1	4.10642e-06	0	1	IRID034
C	2	C*04:01:01G	1	-18	1244.57	806	679	1	4.10642e-06	0	1	IRID034
DQA1	1	DQA1*01:01:01G	0.10588	-0	0.00401606	0	0	0	0	0	1	IRID034
DQA1	2	DQA1*01:01:01G	0.00588212	-0	0.00401606	0	0	0	0	0	1	IRID034
DQB1	1	DQB1*03:02:01G	0.998002	-5	13.5852	5	2	1	0.00136314	0	1	IRID034
DQB1	2	DQB1*03:01:01G	0.951976	-5	13.5852	5	2	0.929167	0.00136314	0	1	IRID034
DRB1	1	DRB1*04:07:01G	1	-4	570.105	432	349	1	0	0	1	IRID034
DRB1	2	DRB1*14:02:01	1	-4	570.105	432	349	1	0	0	0	IRID034
DPA1	1	DPA1*01:03:01G	0.0555556	-0	0	0	0	0	0	0	1	IRID034
DPA1	2	DPA1*01:03:01G	0.0015873	-0	0	0	0	0	0	0	1	IRID034
DPB1	1	DPB1*04:02:01G	1	-1	157.212	63	54	1	2.40941e-05	0	1	IRID034
DPB1	2	DPB1*14:01:01	1	-1	157.212	63	54	1	2.40941e-05	0	0	IRID034
DRB3	1	DRB3*01:01:02G	1	-0	149.498	91	68	1	0	0	1	IRID034
DRB3	2	DRB3*01:01:02G	1	-0	149.498	91	68	1	0	0	1	IRID034
DRB4	1	DRB4*01:01:01G	1	-0	322.076	220	201	1	0	0	1	IRID034
DRB4	2	DRB4*03:01N	1	-0	322.076	220	201	-1	0	0	1	IRID034
E	1	E*01:01:01G	1	-0	2283.25	1590	1448	1	0	0	1	IRID034
E	2	E*01:03:02G	1	-0	2283.25	1590	1448	1	0	0	1	IRID034
F	1	F*01:01:01G	1	-0	437.427	134	105	1	0	0	1	IRID034
F	2	F*01:01:01G	1	-0	437.427	134	105	1	0	0	1	IRID034
G	1	G*01:01:02G	1	-7	1910.46	1024	853	1	3.83469e-06	0	1	IRID034
G	2	G*01:04:01G	1	-7	1910.46	1024	853	1	3.83469e-06	0	1	IRID034
A	1	A*24:02:01G	1	-707	1592.74	909	777	1	0.000663422	0	1	IRID036
A	2	A*31:01:02G	1	-707	1592.74	909	777	1	0.000663422	0	1	IRID036
B	1	B*35:05:01	1	-9	1237	792	733	1	0	0	0	IRID036
B	2	B*39:03	1	-9	1237	792	733	1	0	0	0	IRID036
C	1	C*04:01:01G	1	-61	1390.7	803	629	1	4.8999e-06	0	1	IRID036
C	2	C*07:02:01G	1	-61	1390.7	803	629	1	4.8999e-06	0	1	IRID036
DQA1	1	DQA1*01:01:01G	0.1	-0	0	0	0	0	0	0	1	IRID036
DQA1	2	DQA1*01:01:01G	0.00526316	-0	0	0	0	0	0	0	1	IRID036
DQB1	1	DQB1*04:02:01G	1	-45	39.7481	12	6	1	0.000279538	0	1	IRID036
DQB1	2	DQB1*03:01:01G	0.999999	-45	39.7481	12	6	1	0.000279538	0	1	IRID036
DRB1	1	DRB1*08:02:02	1	-4377	1277.71	837	505	1	0.00474997	3	1	IRID036
DRB1	2	DRB1*15:96	1	-4377	1277.71	837	505	1	0.00474997	3	1	IRID036
DPA1	1	DPA1*01:03:01G	0.0555556	-0	0	0	0	0	0	0	1	IRID036
DPA1	2	DPA1*01:03:01G	0.0015873	-0	0	0	0	0	0	0	1	IRID036
DPB1	1	DPB1*04:01:01G	1	-0	170.436	52	28	1	0	0	1	IRID036
DPB1	2	DPB1*04:01:01G	1	-0	170.436	52	28	1	0	0	1	IRID036
DRB3	1	DRB3*01:01:02G	0.0377358	-0	0	0	0	0.258333	0	0	1	IRID036
DRB3	2	DRB3*01:01:02G	0.000725689	-0	0	0	0	0.258333	0	0	1	IRID036
DRB4	1	DRB4*03:01N	1	-0	5	5	5	-1	0	0	1	IRID036
DRB4	2	DRB4*03:01N	0.780488	-0	5	5	5	-1	0	0	1	IRID036
E	1	E*01:01:01G	0.999333	-0	2260.2	1438	1158	1	0	0	1	IRID036
E	2	E*01:03:02G	0.999333	-0	2260.2	1438	1158	1	0	0	1	IRID036
F	1	F*01:01:01G	1	-0	461.39	123	92	1	0	0	1	IRID036
F	2	F*01:01:01G	1	-0	461.39	123	92	1	0	0	1	IRID036
G	1	G*01:01:02G	1	-0	1907.15	857	662	1	0	0	1	IRID036
G	2	G*01:03:01G	1	-0	1907.15	857	662	1	0	0	1	IRID036
A	1	A*02:01:01G	1	-248	1109.38	732	609	1	0.000111812	0	1	IRID037
A	2	A*31:01:02G	1	-248	1109.38	732	609	1	0.000111812	0	1	IRID037
B	1	B*35:01:01G	1	-3	947.08	590	535	1	3.73762e-06	0	1	IRID037
B	2	B*35:05:01	1	-3	947.08	590	535	1	3.73762e-06	0	0	IRID037
C	1	C*04:01:01G	1	-0	941.177	553	443	1	0	0	1	IRID037
C	2	C*04:01:01G	1	-0	941.177	553	443	1	0	0	1	IRID037
DQA1	1	DQA1*03:01:01G	1	-0	0.803213	0	0	0.360731	0	0	1	IRID037
DQA1	2	DQA1*03:01:01G	0.18181	-0	0.803213	0	0	0.360731	0	0	1	IRID037
DQB1	1	DQB1*03:03:02G	0.991178	-3	15.9037	5	3	0.975	0.000698649	0	1	IRID037
DQB1	2	DQB1*03:02:01G	0.791765	-3	15.9037	5	3	0.975	0.000698649	0	1	IRID037
DRB1	1	DRB1*04:07:01G	1	-1	324.127	219	149	1	0	0	1	IRID037
DRB1	2	DRB1*09:01:02G	1	-1	324.127	219	149	1	0	0	1	IRID037
DPA1	1	DPA1*01:03:01G	0.0555556	-0	0	0	0	0	0	0	1	IRID037
DPA1	2	DPA1*01:03:01G	0.0015873	-0	0	0	0	0	0	0	1	IRID037
DPB1	1	DPB1*04:02:01G	1	-1	180.883	87	62	1	2.09411e-05	0	1	IRID037
DPB1	2	DPB1*04:02:01G	1	-1	180.883	87	62	1	2.09411e-05	0	1	IRID037
DRB3	1	DRB3*01:01:02G	0.0377358	-0	0	0	0	0.333333	0	0	1	IRID037
DRB3	2	DRB3*01:01:02G	0.000725689	-0	0	0	0	0.333333	0	0	1	IRID037
DRB4	1	DRB4*01:01:01G	1	-0	268.484	67	50	1	0	0	1	IRID037
DRB4	2	DRB4*01:01:01G	1	-0	268.484	67	50	1	0	0	1	IRID037
E	1	E*01:01:01G	1	-0	1841.49	1156	930	1	0	0	1	IRID037
E	2	E*01:03:02G	1	-0	1841.49	1156	930	1	0	0	1	IRID037
F	1	F*01:01:01G	1	-0	321.198	80	69	1	0	0	1	IRID037
F	2	F*01:01:01G	1	-0	321.198	80	69	1	0	0	1	IRID037
G	1	G*01:01:01G	1	-0	1428.54	692	545	1	0	0	1	IRID037
G	2	G*01:03:01G	1	-0	1428.54	692	545	1	0	0	1	IRID037
A	1	A*02:01:01G	1	-9	1154.66	738	614	1	1.19365e-05	0	1	IRID038
A	2	A*02:01:01G	1	-9	1154.66	738	614	1	1.19365e-05	0	1	IRID038
B	1	B*15:05:01	1	-31	1145.17	578	490	1	3.09109e-05	0	1	IRID038
B	2	B*52:01:01G	1	-31	1145.17	578	490	1	3.09109e-05	0	1	IRID038
C	1	C*01:02:01G	1	-12	1344.91	733	545	1	3.80005e-06	0	1	IRID038
C	2	C*12:02:01G	1	-12	1344.91	733	545	1	3.80005e-06	0	1	IRID038
DQA1	1	DQA1*01:01:01G	0.1	-0	0	0	0	0	0	0	1	IRID038
DQA1	2	DQA1*01:01:01G	0.00526316	-0	0	0	0	0	0	0	1	IRID038
DQB1	1	DQB1*06:01:01G	1	-1	40.1889	14	8	1	9.21574e-05	0	1	IRID038
DQB1	2	DQB1*03:03:02G	1	-1	40.1889	14	8	1	9.21574e-05	0	1	IRID038
DRB1	1	DRB1*09:01:08	1	-76	910.924	593	421	0.891667	1.19759e-05	0	1	IRID038
DRB1	2	DRB1*15:02:01	1	-76	910.924	593	421	1	1.19759e-05	0	0	IRID038
DPA1	1	DPA1*01:03:01G	0.0555556	-0	0	0	0	0	0	0	1	IRID038
DPA1	2	DPA1*01:03:01G	0.0015873	-0	0	0	0	0	0	0	1	IRID038
DPB1	1	DPB1*04:01:01G	1	-0	167.504	85	63	1	0	0	1	IRID038
DPB1	2	DPB1*04:01:01G	1	-0	167.504	85	63	1	0	0	1	IRID038
DRB3	1	DRB3*01:01:02G	0.0377358	-0	0	0	0	0.370833	0	0	1	IRID038
DRB3	2	DRB3*01:01:02G	0.000725689	-0	0	0	0	0.370833	0	0	1	IRID038
DRB4	1	DRB4*01:01:01G	1	-0	135.913	40	31	1	0	0	1	IRID038
DRB4	2	DRB4*01:01:01G	1	-0	135.913	40	31	1	0	0	1	IRID038
E	1	E*01:01:01G	1	-0	2096.37	1264	1117	1	0	0	1	IRID038
E	2	E*01:01:01G	1	-0	2096.37	1264	1117	1	0	0	1	IRID038
F	1	F*01:01:01G	1	-0	380.93	99	61	1	0	0	1	IRID038
F	2	F*01:01:01G	1	-0	380.93	99	61	1	0	0	1	IRID038
G	1	G*01:01:01G	1	-0	1775.6	936	723	1	0	0	1	IRID038
G	2	G*01:01:01G	1	-0	1775.6	936	723	1	0	0	1	IRID038
A	1	A*02:01:01G	1	-14	1085.18	587	528	1	2.82237e-06	0	1	IRID039
A	2	A*24:02:01G	1	-14	1085.18	587	528	1	2.82237e-06	0	1	IRID039
B	1	B*15:04:01	1	-49	1085.92	570	499	1	2.11883e-05	0	0	IRID039
B	2	B*18:01:01G	1	-49	1085.92	570	499	1	2.11883e-05	0	1	IRID039
C	1	C*01:02:01G	1	-9	1173.35	657	463	1	8.71132e-06	0	1	IRID039
C	2	C*12:03:01G	1	-9	1173.35	657	463	1	8.71132e-06	0	1	IRID039
DQA1	1	DQA1*01:01:01G	0.1	-0	0	0	0	0	0	0	1	IRID039
DQA1	2	DQA1*01:01:01G	0.00526316	-0	0	0	0	0	0	0	1	IRID039
DQB1	1	DQB1*03:01:01G	0.969068	-0	13.3074	5	4	1	0	0	1	IRID039
DQB1	2	DQB1*03:01:01G	0.589598	-0	13.3074	5	4	1	0	0	1	IRID039
DRB1	1	DRB1*11:04:01G	1	-8	699.109	501	397	1	5.20143e-06	0	1	IRID039
DRB1	2	DRB1*14:02:01	1	-8	699.109	501	397	1	5.20143e-06	0	0	IRID039
DPA1	1	DPA1*01:03:01G	0.0555556	-0	0	0	0	0	0	0	1	IRID039
DPA1	2	DPA1*01:03:01G	0.0015873	-0	0	0	0	0	0	0	1	IRID039
DPB1	1	DPB1*14:01:01	1	-0	144.25	43	29	1	0	0	0	IRID039
DPB1	2	DPB1*14:01:01	1	-0	144.25	43	29	1	0	0	0	IRID039
DRB3	1	DRB3*01:01:02G	1	-1	320.242	231	165	1	0	0	1	IRID039
DRB3	2	DRB3*02:02:01G	1	-1	320.242	231	165	1	0	0	1	IRID039
DRB4	1	DRB4*03:01N	1	-0	235	235	235	-1	0	0	1	IRID039
DRB4	2	DRB4*03:01N	1	-0	235	235	235	-1	0	0	1	IRID039
E	1	E*01:03:02G	1	-0	2075	1160	893	1	0	0	1	IRID039
E	2	E*01:03:02G	1	-0	2075	1160	893	1	0	0	1	IRID039
F	1	F*01:01:01G	1	-0	350.857	98	69	1	0	0	1	IRID039
F	2	F*01:01:01G	1	-0	350.857	98	69	1	0	0	1	IRID039
G	1	G*01:01:02G	1	-1	1614.2	768	565	1	0	0	1	IRID039
G	2	G*01:04:01G	1	-1	1614.2	768	565	1	0	0	1	IRID039
A	1	A*30:09	1	-30	1314.58	844	719	0.872428	3.3783e-05	0	1	IRID040
A	2	A*31:01:02G	1	-30	1314.58	844	719	1	3.3783e-05	0	1	IRID040
B	1	B*15:01:01G	1	-24	1122.13	680	641	1	0	0	1	IRID040
B	2	B*39:05:01	1	-24	1122.13	680	641	1	0	0	0	IRID040
C	1	C*01:02:01G	1	-12	1140.9	631	510	1	5.97275e-06	0	1	IRID040
C	2	C*07:02:01G	1	-12	1140.9	631	510	1	5.97275e-06	0	1	IRID040
DQA1	1	DQA1*01:01:01G	0.1	-0	0	0	0	0	0	0	1	IRID040
DQA1	2	DQA1*01:01:01G	0.00526316	-0	0	0	0	0	0	0	1	IRID040
DQB1	1	DQB1*03:02:01G	0.934514	-0	4.98889	2	2	0.966667	0	0	1	IRID040
DQB1	2	DQB1*03:02:01G	0.191701	-0	4.98889	2	2	0.966667	0	0	1	IRID040
DRB1	1	DRB1*04:04:01	1	-6	604.225	375	275	1	1.80547e-05	0	1	IRID040
DRB1	2	DRB1*04:11:01	1	-6	604.225	375	275	1	1.80547e-05	0	1	IRID040
DPA1	1	DPA1*01:03:01G	0.0555556	-0	0	0	0	0	0	0	1	IRID040
DPA1	2	DPA1*01:03:01G	0.0015873	-0	0	0	0	0	0	0	1	IRID040
DPB1	1	DPB1*04:02:01G	1	-0	185.11	56	33	1	0	0	1	IRID040
DPB1	2	DPB1*05:01:01G	1	-0	185.11	56	33	1	0	0	1	IRID040
DRB3	1	DRB3*01:01:02G	0.0377358	-0	0	0	0	0.2125	0	0	1	IRID040
DRB3	2	DRB3*01:01:02G	0.000725689	-0	0	0	0	0.2125	0	0	1	IRID040
DRB4	1	DRB4*01:01:01G	1	-0	300.603	78	50	1	0	0	1	IRID040
DRB4	2	DRB4*01:01:01G	1	-0	300.603	78	50	1	0	0	1	IRID040
E	1	E*01:01:01G	1	-0	1986.15	1262	1103	1	0	0	1	IRID040
E	2	E*01:01:01G	1	-0	1986.15	1262	1103	1	0	0	1	IRID040
F	1	F*01:01:01G	1	-0	349.092	77	60	1	0	0	1	IRID040
F	2	F*01:01:01G	1	-0	349.092	77	60	1	0	0	1	IRID040
G	1	G*01:03:01G	1	-0	1600.38	682	511	1	0	0	1	IRID040
G	2	G*01:04:01G	1	-0	1600.38	682	511	1	0	0	1	IRID040
A	1	A*02:01:01G	1	-5	1053.81	555	519	1	0	0	1	IRID041
A	2	A*24:02:01G	1	-5	1053.81	555	519	1	0	0	1	IRID041
B	1	B*35:05:01	1	-5	999.421	621	560	1	7.08375e-06	0	0	IRID041
B	2	B*35:10	1	-5	999.421	621	560	1	7.08375e-06	0	1	IRID041
C	1	C*03:04:01G	1	-5	943.451	617	502	1	1.80569e-06	0	1	IRID041
C	2	C*04:01:01G	1	-5	943.451	617	502	1	1.80569e-06	0	1	IRID041
DQA1	1	DQA1*01:01:01G	0.1	-0	0	0	0	0	0	0	1	IRID041
DQA1	2	DQA1*01:01:01G	0.00526316	-0	0	0	0	0	0	0	1	IRID041
DQB1	1	DQB1*04:02:01G	1	-43	40.6	17	10	1	0	0	1	IRID041
DQB1	2	DQB1*03:03:02G	0.997669	-43	40.6	17	10	1	0	0	1	IRID041
DRB1	1	DRB1*08:02:01	1	-11	343.542	236	161	1	0	0	0	IRID041
DRB1	2	DRB1*09:01:02G	1	-11	343.542	236	161	1	0	0	1	IRID041
DPA1	1	DPA1*01:03:01G	0.0555556	-0	0	0	0	0	0	0	1	IRID041
DPA1	2	DPA1*01:03:01G	0.0015873	-0	0	0	0	0	0	0	1	IRID041
DPB1	1	DPB1*04:01:01G	1	-0	161.538	60	42	1	0	0	1	IRID041
DPB1	2	DPB1*13:01:01G	1	-0	161.538	60	42	1	0	0	1	IRID041
DRB3	1	DRB3*01:01:02G	0.0377358	-0	0	0	0	0.341667	0	0	1	IRID041
DRB3	2	DRB3*01:01:02G	0.000725689	-0	0	0	0	0.341667	0	0	1	IRID041
DRB4	1	DRB4*01:01:01G	1	-0	149.585	52	41	1	0	0	1	IRID041
DRB4	2	DRB4*01:01:01G	1	-0	149.585	52	41	1	0	0	1	IRID041
E	1	E*01:01:01G	1	-0	1826.35	1101	908	1	0	0	1	IRID041
E	2	E*01:01:01G	1	-0	1826.35	1101	908	1	0	0	1	IRID041
F	1	F*01:01:01G	1	-0	374.284	105	69	1	0	0	1	IRID041
F	2	F*01:01:01G	1	-0	374.284	105	69	1	0	0	1	IRID041
G	1	G*01:01:01G	0.5	-0	1517.12	664	474	1	0	0	1	IRID041
G	2	G*01:04:01G	0.5	-0	1517.12	664	474	1	0	0	1	IRID041
A	1	A*02:01:01G	1	-1	1014.02	706	555	1	1.51023e-06	0	1	IRID042
A	2	A*02:01:01G	1	-1	1014.02	706	555	1	1.51023e-06	0	1	IRID042
B	1	B*39:09:01	1	-10	1155.44	669	596	1	0	0	0	IRID042
B	2	B*48:01:01G	1	-10	1155.44	669	596	1	0	0	1	IRID042
C	1	C*07:02:01G	1	-5	1075.17	687	618	1	1.58447e-06	0	1	IRID042
C	2	C*08:03:01G	1	-5	1075.17	687	618	1	1.58447e-06	0	1	IRID042
DQA1	1	DQA1*05:01:01G	0.524842	-0	0.325301	0	0	0.236111	0	0	1	IRID042
DQA1	2	DQA1*05:01:01G	0.0499833	-0	0.325301	0	0	0.236111	0	0	1	IRID042
DQB1	1	DQB1*02:01:01G	1	-0	55.9778	22	15	1	0	0	1	IRID042
DQB1	2	DQB1*02:01:01G	0.999996	-0	55.9778	22	15	1	0	0	1	IRID042
DRB1	1	DRB1*07:01:01G	1	-0	415.076	324	237	1	0	0	1	IRID042
DRB1	2	DRB1*14:02:01	1	-0	415.076	324	237	1	0	0	0	IRID042
DPA1	1	DPA1*01:03:01G	0.0555556	-0	0	0	0	0	0	0	1	IRID042
DPA1	2	DPA1*01:03:01G	0.0015873	-0	0	0	0	0	0	0	1	IRID042
DPB1	1	DPB1*04:01:01G	1	-0	128.89	57	38	1	0	0	1	IRID042
DPB1	2	DPB1*14:01:01	1	-0	128.89	57	38	1	0	0	0	IRID042
DRB3	1	DRB3*01:01:02G	1	-0	130.144	102	85	1	0	0	1	IRID042
DRB3	2	DRB3*01:01:02G	1	-0	130.144	102	85	1	0	0	1	IRID042
DRB4	1	DRB4*01:01:01G	1	-0	280.307	172	169	1	0	0	1	IRID042
DRB4	2	DRB4*03:01N	1	-0	280.307	172	169	-1	0	0	1	IRID042
E	1	E*01:01:01G	1	-0	1906.71	1206	1009	1	0	0	1	IRID042
E	2	E*01:01:01G	1	-0	1906.71	1206	1009	1	0	0	1	IRID042
F	1	F*01:01:01G	1	-105	391.903	97	76	0.936214	0.000490702	1	1	IRID042
F	2	F*01:01:01G	1	-105	391.903	97	76	0.936214	0.000490702	1	1	IRID042
G	1	G*01:01:01G	1	-0	1698.53	814	626	1	0	0	1	IRID042
G	2	G*01:01:01G	1	-0	1698.53	814	626	1	0	0	1	IRID042
A	1	A*02:01:01G	1	-6	959.666	605	484	1	9.57454e-06	0	1	IRID043
A	2	A*02:01:01G	1	-6	959.666	605	484	1	9.57454e-06	0	1	IRID043
B	1	B*35:01:01G	1	-10	1020.62	587	539	1	6.93659e-06	0	1	IRID043
B	2	B*48:01:01G	1	-10	1020.62	587	539	1	6.93659e-06	0	1	IRID043
C	1	C*04:01:01G	1	-4	972.784	568	476	1	0	0	1	IRID043
C	2	C*08:01:01G	1	-4	972.784	568	476	1	0	0	1	IRID043
DQA1	1	DQA1*01:01:01G	0.1	-0	0	0	0	0	0	0	1	IRID043
DQA1	2	DQA1*01:01:01G	0.00526316	-0	0	0	0	0	0	0	1	IRID043
DQB1	1	DQB1*03:02:01G	0.243813	-0	4.84074	0	0	0.8625	0	0	1	IRID043
DQB1	2	DQB1*03:02:01G	0.0226745	-0	4.84074	0	0	0.8625	0	0	1	IRID043
DRB1	1	DRB1*04:07:01G	1	-0	418.516	294	209	1	0	0	1	IRID043
DRB1	2	DRB1*04:07:01G	1	-0	418.516	294	209	1	0	0	1	IRID043
DPA1	1	DPA1*01:03:01G	0.997411	-0	0.768293	0	0	0.648148	0	0	1	IRID043
DPA1	2	DPA1*01:03:01G	0.0554076	-0	0.768293	0	0	0.648148	0	0	1	IRID043
DPB1	1	DPB1*04:02:01G	1	-0	141.67	57	30	1	0	0	1	IRID043
DPB1	2	DPB1*05:01:01G	1	-0	141.67	57	30	1	0	0	1	IRID043
DRB3	1	DRB3*01:01:02G	0.0377358	-0	0	0	0	0.2375	0	0	1	IRID043
DRB3	2	DRB3*01:01:02G	0.000725689	-0	0	0	0	0.2375	0	0	1	IRID043
DRB4	1	DRB4*01:01:01G	1	-0	282.231	63	45	1	0	0	1	IRID043
DRB4	2	DRB4*01:01:01G	1	-0	282.231	63	45	1	0	0	1	IRID043
E	1	E*01:01:01G	1	-0	1767.06	1028	828	1	0	0	1	IRID043
E	2	E*01:01:01G	1	-0	1767.06	1028	828	1	0	0	1	IRID043
F	1	F*01:01:01G	1	-0	337.841	100	69	1	0	0	1	IRID043
F	2	F*01:01:01G	1	-0	337.841	100	69	1	0	0	1	IRID043
G	1	G*01:01:01G	1	-0	1506.24	673	485	1	0	0	1	IRID043
G	2	G*01:01:01G	1	-0	1506.24	673	485	1	0	0	1	IRID043
A	1	A*02:01:01G	1	-0	1330.22	952	776	1	0	0	1	IRID046
A	2	A*02:11:01G	1	-0	1330.22	952	776	1	0	0	1	IRID046
B	1	B*07:02:01G	1	-50	1566.23	919	773	1	1.35606e-05	0	1	IRID046
B	2	B*51:01:01G	1	-50	1566.23	919	773	1	1.35606e-05	0	1	IRID046
C	1	C*07:02:01G	1	-12	1383.97	845	649	1	2.46187e-06	0	1	IRID046
C	2	C*08:01:01G	1	-12	1383.97	845	649	1	2.46187e-06	0	1	IRID046
DQA1	1	DQA1*01:01:01G	0.1	-0	0	0	0	0	0	0	1	IRID046
DQA1	2	DQA1*01:01:01G	0.00526316	-0	0	0	0	0	0	0	1	IRID046
DQB1	1	DQB1*02:01:01G	1	-0	60.6926	21	17	1	0	0	1	IRID046
DQB1	2	DQB1*03:01:01G	0.0344824	-0	60.6926	21	17	0.954167	0	0	1	IRID046
DRB1	1	DRB1*03:01:01G	1	-1	656.687	493	384	1	0	0	1	IRID046
DRB1	2	DRB1*14:02:01	1	-1	656.687	493	384	1	0	0	0	IRID046
DPA1	1	DPA1*01:03:01G	0.0555556	-0	0	0	0	0	0	0	1	IRID046
DPA1	2	DPA1*01:03:01G	0.0015873	-0	0	0	0	0	0	0	1	IRID046
DPB1	1	DPB1*04:01:01G	1	-0	195.981	76	42	1	0	0	1	IRID046
DPB1	2	DPB1*04:01:01G	1	-0	195.981	76	42	1	0	0	1	IRID046
DRB3	1	DRB3*01:01:02G	1	-0	387.087	289	229	1	0	0	1	IRID046
DRB3	2	DRB3*02:02:01G	1	-0	387.087	289	229	1	0	0	1	IRID046
DRB4	1	DRB4*03:01N	1	-0	330	330	330	-1	0	0	1	IRID046
DRB4	2	DRB4*03:01N	1	-0	330	330	330	-1	0	0	1	IRID046
E	1	E*01:01:01G	1	-0	2425.5	1658	1387	1	0	0	1	IRID046
E	2	E*01:01:01G	1	-0	2425.5	1658	1387	1	0	0	1	IRID046
F	1	F*01:01:01G	1	-0	424.859	108	90	1	0	0	1	IRID046
F	2	F*01:01:01G	1	-0	424.859	108	90	1	0	0	1	IRID046
G	1	G*01:01:01G	1	-0	2061.59	1008	781	1	0	0	1	IRID046
G	2	G*01:01:02G	1	-0	2061.59	1008	781	1	0	0	1	IRID046
A	1	A*02:01:01G	1	-14	1058.41	632	575	1	8.6813e-06	0	1	IRID048
A	2	A*24:02:01G	1	-14	1058.41	632	575	1	8.6813e-06	0	1	IRID048
B	1	B*35:09:01	1	-6	1134.52	599	543	1	0	0	1	IRID048
B	2	B*35:43:01G	1	-6	1134.52	599	543	1	0	0	1	IRID048
C	1	C*01:02:01G	1	-5	1096.73	660	509	1	0	0	1	IRID048
C	2	C*04:01:01G	1	-5	1096.73	660	509	1	0	0	1	IRID048
DQA1	1	DQA1*01:01:01G	0.1	-0	0	0	0	0	0	0	1	IRID048
DQA1	2	DQA1*01:01:01G	0.00526316	-0	0	0	0	0	0	0	1	IRID048
DQB1	1	DQB1*03:03:02G	0.998151	-0	12.1778	4	2	1	0	0	1	IRID048
DQB1	2	DQB1*03:03:02G	0.607178	-0	12.1778	4	2	1	0	0	1	IRID048
DRB1	1	DRB1*09:01:02G	1	-0	226.378	146	110	1	0	0	1	IRID048
DRB1	2	DRB1*09:01:02G	1	-0	226.378	146	110	1	0	0	1	IRID048
DPA1	1	DPA1*01:03:01G	0.0555556	-0	0	0	0	0	0	0	1	IRID048
DPA1	2	DPA1*01:03:01G	0.0015873	-0	0	0	0	0	0	0	1	IRID048
DPB1	1	DPB1*04:02:01G	1	-0	149.322	65	39	1	0	0	1	IRID048
DPB1	2	DPB1*05:01:01G	1	-0	149.322	65	39	1	0	0	1	IRID048
DRB3	1	DRB3*01:01:02G	0.0377358	-0	0	0	0	0.320833	0	0	1	IRID048
DRB3	2	DRB3*01:01:02G	0.000725689	-0	0	0	0	0.320833	0	0	1	IRID048
DRB4	1	DRB4*01:01:01G	1	-0	306.931	87	61	1	0	0	1	IRID048
DRB4	2	DRB4*01:01:01G	1	-0	306.931	87	61	1	0	0	1	IRID048
E	1	E*01:01:01G	1	-0	1815.34	1122	939	1	0	0	1	IRID048
E	2	E*01:01:01G	1	-0	1815.34	1122	939	1	0	0	1	IRID048
F	1	F*01:01:01G	1	-0	362.601	91	52	1	0	0	1	IRID048
F	2	F*01:01:01G	1	-0	362.601	91	52	1	0	0	1	IRID048
G	1	G*01:01:01G	0.999333	-0	1570.84	757	597	1	0	0	1	IRID048
G	2	G*01:04:01G	0.999333	-0	1570.84	757	597	1	0	0	1	IRID048
A	1	A*02:01:01G	1	-2543	1618.99	1005	774	1	0.00239217	0	1	IRID049
A	2	A*11:01:01G	1	-2543	1618.99	1005	774	1	0.00239217	0	1	IRID049
B	1	B*27:05:02G	1	-13	1298.14	673	549	1	1.36343e-06	0	1	IRID049
B	2	B*35:09:01	1	-13	1298.14	673	549	1	1.36343e-06	0	1	IRID049
C	1	C*01:02:01G	1	-24	1361.17	761	563	1	1.1264e-05	0	1	IRID049
C	2	C*04:01:01G	1	-24	1361.17	761	563	1	1.1264e-05	0	1	IRID049
DQA1	1	DQA1*01:01:01G	0.1	-0	0	0	0	0	0	0	1	IRID049
DQA1	2	DQA1*01:01:01G	0.00526316	-0	0	0	0	0	0	0	1	IRID049
DQB1	1	DQB1*05:01:01G	1	-2	22.6778	10	4	1	0.000326637	0	1	IRID049
DQB1	2	DQB1*03:03:02G	0.998003	-2	22.6778	10	4	0.9875	0.000326637	0	1	IRID049
DRB1	1	DRB1*01:01:01G	1	-6	478.135	329	267	1	0	0	1	IRID049
DRB1	2	DRB1*09:01:02G	1	-6	478.135	329	267	1	0	0	1	IRID049
DPA1	1	DPA1*01:03:01G	0.0555556	-0	0	0	0	0	0	0	1	IRID049
DPA1	2	DPA1*01:03:01G	0.0015873	-0	0	0	0	0	0	0	1	IRID049
DPB1	1	DPB1*04:01:01G	1	-1	217.667	93	78	1	0	0	1	IRID049
DPB1	2	DPB1*04:02:01G	1	-1	217.667	93	78	1	0	0	1	IRID049
DRB3	1	DRB3*01:01:02G	0.0377358	-0	0	0	0	0.35	0	0	1	IRID049
DRB3	2	DRB3*01:01:02G	0.000725689	-0	0	0	0	0.35	0	0	1	IRID049
DRB4	1	DRB4*01:01:01G	1	-0	247.285	128	115	1	0	0	1	IRID049
DRB4	2	DRB4*03:01N	1	-0	247.285	128	115	-1	0	0	1	IRID049
E	1	E*01:01:01G	1	-2	2239.34	1383	1241	1	1.63575e-06	0	1	IRID049
E	2	E*01:01:01G	1	-2	2239.34	1383	1241	1	1.63575e-06	0	1	IRID049
F	1	F*01:01:01G	1	-0	417.764	127	113	1	0	0	1	IRID049
F	2	F*01:01:01G	1	-0	417.764	127	113	1	0	0	1	IRID049
G	1	G*01:01:01G	0.999333	-0	1851.48	926	758	1	0	0	1	IRID049
G	2	G*01:01:03G	0.999333	-0	1851.48	926	758	1	0	0	1	IRID049
A	1	A*02:22:01G	1	-26	1339.09	926	762	1	1.60106e-05	0	1	IRID050
A	2	A*29:02:01G	1	-26	1339.09	926	762	1	1.60106e-05	0	1	IRID050
B	1	B*44:03:01G	1	-25	1313	678	629	1	2.69599e-06	0	1	IRID050
B	2	B*48:01:01G	1	-25	1313	678	629	1	2.69599e-06	0	1	IRID050
C	1	C*08:03:01G	1	-2	1363.15	769	615	1	0	0	1	IRID050
C	2	C*16:01:01G	1	-2	1363.15	769	615	1	0	0	1	IRID050
DQA1	1	DQA1*01:02:01G	0.99905	-0	0.590361	0	0	0.401826	0	0	1	IRID050
DQA1	2	DQA1*01:02:01G	0.0999	-0	0.590361	0	0	0.401826	0	0	1	IRID050
DQB1	1	DQB1*03:03:02G	1	-2	17.8407	7	4	1	0.000415196	0	1	IRID050
DQB1	2	DQB1*06:02:01G	0.993371	-2	17.8407	7	4	0.991667	0.000415196	0	1	IRID050
DRB1	1	DRB1*15:01:01G	1	-15	969.644	801	528	1	0.000213762	0	1	IRID050
DRB1	2	DRB1*09:01:02G	0.25	-15	969.644	801	528	1	0.000213762	0	1	IRID050
DPA1	1	DPA1*01:03:01G	0.0555556	-0	0	0	0	0	0	0	1	IRID050
DPA1	2	DPA1*01:03:01G	0.0015873	-0	0	0	0	0	0	0	1	IRID050
DPB1	1	DPB1*04:02:01G	1	-0	144.807	57	37	1	0	0	1	IRID050
DPB1	2	DPB1*13:01:01G	1	-0	144.807	57	37	1	0	0	1	IRID050
DRB3	1	DRB3*01:01:02G	0.0377358	-0	0	0	0	0.354167	0	0	1	IRID050
DRB3	2	DRB3*01:01:02G	0.000725689	-0	0	0	0	0.354167	0	0	1	IRID050
DRB4	1	DRB4*01:01:01G	1	-0	178.065	50	39	1	0	0	1	IRID050
DRB4	2	DRB4*01:01:01G	1	-0	178.065	50	39	1	0	0	1	IRID050
E	1	E*01:01:01G	1	-0	2275.6	1584	1335	1	0	0	1	IRID050
E	2	E*01:03:02G	1	-0	2275.6	1584	1335	1	0	0	1	IRID050
F	1	F*01:01:01G	1	-0	405.485	115	84	1	0	0	1	IRID050
F	2	F*01:01:01G	1	-0	405.485	115	84	1	0	0	1	IRID050
G	1	G*01:01:01G	1	-0	1935.14	890	800	1	0	0	1	IRID050
G	2	G*01:01:01G	1	-0	1935.14	890	800	1	0	0	1	IRID050
A	1	A*02:01:01G	1	-5	950.988	650	607	1	4.83096e-06	0	1	IRID055
A	2	A*02:11:01G	1	-5	950.988	650	607	1	4.83096e-06	0	1	IRID055
B	1	B*39:05:01	1	-17	890.701	477	413	1	0	0	0	IRID055
B	2	B*51:01:01G	1	-17	890.701	477	413	1	0	0	1	IRID055
C	1	C*07:02:01G	1	-5	960.254	549	453	1	0	0	1	IRID055
C	2	C*15:02:01G	1	-5	960.254	549	453	1	0	0	1	IRID055
DQA1	1	DQA1*03:01:01G	0.525	-0	0.787149	0	0	0.639269	0	0	1	IRID055
DQA1	2	DQA1*03:01:01G	0.05	-0	0.787149	0	0	0.639269	0	0	1	IRID055
DQB1	1	DQB1*03:03:02G	0.998958	-2	27.7481	9	8	1	0.000266951	0	1	IRID055
DQB1	2	DQB1*03:03:02G	0.723694	-2	27.7481	9	8	1	0.000266951	0	1	IRID055
DRB1	1	DRB1*09:01:02G	1	-0	182.56	119	97	1	0	0	1	IRID055
DRB1	2	DRB1*09:01:02G	1	-0	182.56	119	97	1	0	0	1	IRID055
DPA1	1	DPA1*01:03:01G	0.0555556	-0	0	0	0	0	0	0	1	IRID055
DPA1	2	DPA1*01:03:01G	0.0015873	-0	0	0	0	0	0	0	1	IRID055
DPB1	1	DPB1*02:01:02G	1	-0	135.561	51	36	1	0	0	1	IRID055
DPB1	2	DPB1*05:01:01G	1	-0	135.561	51	36	1	0	0	1	IRID055
DRB3	1	DRB3*01:01:02G	0.508944	-0	0.747292	0	0	0.7125	0	0	1	IRID055
DRB3	2	DRB3*01:01:02G	0.0188491	-0	0.747292	0	0	0.7125	0	0	1	IRID055
DRB4	1	DRB4*01:01:01G	1	-0	268.278	63	44	1	0	0	1	IRID055
DRB4	2	DRB4*01:01:01G	1	-0	268.278	63	44	1	0	0	1	IRID055
E	1	E*01:01:01G	1	-0	1769.74	1109	928	1	0	0	1	IRID055
E	2	E*01:01:01G	1	-0	1769.74	1109	928	1	0	0	1	IRID055
F	1	F*01:01:01G	1	-0	313.097	82	48	1	0	0	1	IRID055
F	2	F*01:01:01G	1	-0	313.097	82	48	1	0	0	1	IRID055
G	1	G*01:01:01G	1	-0	1482.56	706	607	1	0	0	1	IRID055
G	2	G*01:01:02G	1	-0	1482.56	706	607	1	0	0	1	IRID055
A	1	A*02:64:01	1	-14	1266.97	890	727	1	2.41741e-06	0	1	IRID057
A	2	A*03:01:01G	1	-14	1266.97	890	727	1	2.41741e-06	0	1	IRID057
B	1	B*35:01:01G	1	-12	1015.02	538	499	1	6.97491e-06	0	1	IRID057
B	2	B*51:01:01G	1	-12	1015.02	538	499	1	6.97491e-06	0	1	IRID057
C	1	C*04:01:01G	1	-9	1080.81	647	435	1	1.5762e-06	0	1	IRID057
C	2	C*15:02:01G	1	-9	1080.81	647	435	1	1.5762e-06	0	1	IRID057
DQA1	1	DQA1*01:01:01G	0.1	-0	0	0	0	0	0	0	1	IRID057
DQA1	2	DQA1*01:01:01G	0.00526316	-0	0	0	0	0	0	0	1	IRID057
DQB1	1	DQB1*05:01:01G	1	-2	23.9037	7	6	1	0.000309885	0	1	IRID057
DQB1	2	DQB1*03:03:02G	1	-2	23.9037	7	6	1	0.000309885	0	1	IRID057
DRB1	1	DRB1*01:01:01G	1	-3	389.156	271	227	1	1.86884e-05	0	1	IRID057
DRB1	2	DRB1*09:01:02G	1	-3	389.156	271	227	1	1.86884e-05	0	1	IRID057
DPA1	1	DPA1*01:03:01G	0.0555556	-0	0	0	0	0	0	0	1	IRID057
DPA1	2	DPA1*01:03:01G	0.0015873	-0	0	0	0	0	0	0	1	IRID057
DPB1	1	DPB1*02:01:02G	1	-0	143.705	58	37	1	0	0	1	IRID057
DPB1	2	DPB1*13:01:01G	1	-0	143.705	58	37	1	0	0	1	IRID057
DRB3	1	DRB3*01:01:02G	0.0377358	-0	0	0	0	0.358333	0	0	1	IRID057
DRB3	2	DRB3*01:01:02G	0.000725689	-0	0	0	0	0.358333	0	0	1	IRID057
DRB4	1	DRB4*01:01:01G	1	-0	200.765	111	102	1	0	0	1	IRID057
DRB4	2	DRB4*03:01N	1	-0	200.765	111	102	-1	0	0	1	IRID057
E	1	E*01:01:01G	1	-0	1971.13	1248	1096	1	0	0	1	IRID057
E	2	E*01:03:02G	1	-0	1971.13	1248	1096	1	0	0	1	IRID057
F	1	F*01:01:01G	1	-0	358.678	106	86	1	0	0	1	IRID057
F	2	F*01:01:01G	1	-0	358.678	106	86	1	0	0	1	IRID057
G	1	G*01:01:01G	1	-0	1599.99	816	640	1	0	0	1	IRID057
G	2	G*01:01:01G	1	-0	1599.99	816	640	1	0	0	1	IRID057
A	1	A*02:01:01G	1	-6	1251.37	878	662	1	1.22377e-06	0	1	IRID060
A	2	A*68:01:02G	1	-6	1251.37	878	662	1	1.22377e-06	0	1	IRID060
B	1	B*15:04:01	1	-26	1226.43	723	644	1	0	0	0	IRID060
B	2	B*39:01:01G	1	-26	1226.43	723	644	1	0	0	1	IRID060
C	1	C*01:02:01G	1	-4	1159.51	658	522	1	0	0	1	IRID060
C	2	C*07:02:01G	1	-4	1159.51	658	522	1	0	0	1	IRID060
DQA1	1	DQA1*01:01:01G	0.1	-0	0	0	0	0	0	0	1	IRID060
DQA1	2	DQA1*01:01:01G	0.00526316	-0	0	0	0	0	0	0	1	IRID060
DQB1	1	DQB1*03:03:02G	0.9996	-1	21.3889	6	4	1	0.00017316	0	1	IRID060
DQB1	2	DQB1*03:03:02G	0.908223	-1	21.3889	6	4	1	0.00017316	0	1	IRID060
DRB1	1	DRB1*09:01:02G	1	-0	215.673	143	108	1	0	0	1	IRID060
DRB1	2	DRB1*09:01:02G	1	-0	215.673	143	108	1	0	0	1	IRID060
DPA1	1	DPA1*01:03:01G	0.0555556	-0	0	0	0	0	0	0	1	IRID060
DPA1	2	DPA1*01:03:01G	0.0015873	-0	0	0	0	0	0	0	1	IRID060
DPB1	1	DPB1*04:02:01G	1	-1	184.53	78	59	1	2.05271e-05	0	1	IRID060
DPB1	2	DPB1*04:02:01G	1	-1	184.53	78	59	1	2.05271e-05	0	1	IRID060
DRB3	1	DRB3*01:01:02G	0.0377358	-0	0	0	0	0.320833	0	0	1	IRID060
DRB3	2	DRB3*01:01:02G	0.000725689	-0	0	0	0	0.320833	0	0	1	IRID060
DRB4	1	DRB4*01:01:01G	1	-0	303.408	73	43	1	0	0	1	IRID060
DRB4	2	DRB4*01:01:01G	1	-0	303.408	73	43	1	0	0	1	IRID060
E	1	E*01:01:01G	1	-0	2109.19	1325	1100	1	0	0	1	IRID060
E	2	E*01:01:01G	1	-0	2109.19	1325	1100	1	0	0	1	IRID060
F	1	F*01:01:01G	1	-0	376.337	129	120	1	0	0	1	IRID060
F	2	F*01:01:01G	1	-0	376.337	129	120	1	0	0	1	IRID060
G	1	G*01:01:01G	1	-0	1673.89	851	707	1	0	0	1	IRID060
G	2	G*01:01:02G	1	-0	1673.89	851	707	1	0	0	1	IRID060
A	1	A*02:01:01G	1	-13	1138.19	639	561	1	5.38187e-06	0	1	IRID062
A	2	A*24:02:01G	1	-13	1138.19	639	561	1	5.38187e-06	0	1	IRID062
B	1	B*48:01:01G	1	-11	1292.99	711	665	1	1.50574e-05	0	1	IRID062
B	2	B*48:01:01G	1	-11	1292.99	711	665	1	1.50574e-05	0	1	IRID062
C	1	C*08:01:01G	1	-0	1052.67	657	515	1	0	0	1	IRID062
C	2	C*08:03:01G	1	-0	1052.67	657	515	1	0	0	1	IRID062
DQA1	1	DQA1*01:01:01G	0.1	-0	0	0	0	0	0	0	1	IRID062
DQA1	2	DQA1*01:01:01G	0.00526316	-0	0	0	0	0	0	0	1	IRID062
DQB1	1	DQB1*03:03:02G	1	-2	15.4667	6	5	1	0.000478927	0	1	IRID062
DQB1	2	DQB1*03:02:01G	0.999939	-2	15.4667	6	5	1	0.000478927	0	1	IRID062
DRB1	1	DRB1*09:01:02G	1	-0	212.931	137	102	1	0.00140037	0	1	IRID062
DRB1	2	DRB1*09:01:02G	1	-0	212.931	137	102	1	0.00140037	0	1	IRID062
DPA1	1	DPA1*01:03:01G	0.0651709	-0	0.0934959	0	0	0	0	0	1	IRID062
DPA1	2	DPA1*01:03:01G	0.00213675	-0	0.0934959	0	0	0	0	0	1	IRID062
DPB1	1	DPB1*04:02:01G	1	-1	175.227	58	29	1	2.16169e-05	0	1	IRID062
DPB1	2	DPB1*23:01:01G	1	-1	175.227	58	29	1	2.16169e-05	0	1	IRID062
DRB3	1	DRB3*01:01:02G	0.0377358	-0	0	0	0	0.283333	0	0	1	IRID062
DRB3	2	DRB3*01:01:02G	0.000725689	-0	0	0	0	0.283333	0	0	1	IRID062
DRB4	1	DRB4*01:01:01G	1	-0	310.141	91	63	1	0	0	1	IRID062
DRB4	2	DRB4*01:01:01G	1	-0	310.141	91	63	1	0	0	1	IRID062
E	1	E*01:01:01G	1	-0	1968.94	1245	1054	1	0	0	1	IRID062
E	2	E*01:03:01G	1	-0	1968.94	1245	1054	1	0	0	1	IRID062
F	1	F*01:01:01G	1	-0	377.643	81	56	1	0	0	1	IRID062
F	2	F*01:01:01G	1	-0	377.643	81	56	1	0	0	1	IRID062
G	1	G*01:01:01G	1	-0	1646.41	800	672	1	0	0	1	IRID062
G	2	G*01:04:01G	1	-0	1646.41	800	672	1	0	0	1	IRID062
A	1	A*02:01:01G	1	-9	894.476	490	465	1	5.13617e-06	0	1	IRID067
A	2	A*24:02:01G	1	-9	894.476	490	465	1	5.13617e-06	0	1	IRID067
B	1	B*15:39:01	1	-1	900.136	516	469	1	0	0	1	IRID067
B	2	B*35:01:01G	1	-1	900.136	516	469	1	0	0	1	IRID067
C	1	C*01:02:01G	1	-5	976.221	568	422	1	1.74507e-06	0	1	IRID067
C	2	C*04:01:01G	1	-5	976.221	568	422	1	1.74507e-06	0	1	IRID067
DQA1	1	DQA1*01:01:01G	0.1	-0	0	0	0	0	0	0	1	IRID067
DQA1	2	DQA1*01:01:01G	0.00526316	-0	0	0	0	0	0	0	1	IRID067
DQB1	1	DQB1*03:02:01G	0.986184	-0	6.75556	3	2	1	0	0	1	IRID067
DQB1	2	DQB1*03:03:02G	0.169792	-0	6.75556	3	2	0.904167	0	0	1	IRID067
DRB1	1	DRB1*04:04:01	1	-1	426.495	306	232	1	8.52617e-06	0	1	IRID067
DRB1	2	DRB1*04:07:01G	1	-1	426.495	306	232	1	8.52617e-06	0	1	IRID067
DPA1	1	DPA1*01:03:01G	0.0555556	-0	0	0	0	0	0	0	1	IRID067
DPA1	2	DPA1*01:03:01G	0.0015873	-0	0	0	0	0	0	0	1	IRID067
DPB1	1	DPB1*04:02:01G	1	-0	131.03	37	29	1	0	0	1	IRID067
DPB1	2	DPB1*14:01:01	1	-0	131.03	37	29	1	0	0	0	IRID067
DRB3	1	DRB3*01:01:02G	0.0377358	-0	1	1	1	0.2125	0.974729	0	1	IRID067
DRB3	2	DRB3*01:01:02G	0.000725689	-0	1	1	1	0.2125	0.974729	0	1	IRID067
DRB4	1	DRB4*01:01:01G	1	-0	216.83	59	48	1	0	0	1	IRID067
DRB4	2	DRB4*01:01:01G	1	-0	216.83	59	48	1	0	0	1	IRID067
E	1	E*01:01:01G	1	-0	1634.69	1085	893	1	0	0	1	IRID067
E	2	E*01:03:02G	1	-0	1634.69	1085	893	1	0	0	1	IRID067
F	1	F*01:01:01G	1	-0	273.364	77	62	1	0	0	1	IRID067
F	2	F*01:01:01G	1	-0	273.364	77	62	1	0	0	1	IRID067
G	1	G*01:01:01G	1	-0	1371.62	640	477	1	0	0	1	IRID067
G	2	G*01:01:02G	1	-0	1371.62	640	477	1	0	0	1	IRID067
A	1	A*02:01:01G	1	-0	776.758	548	436	1	0	0	1	IRID080
A	2	A*02:01:01G	1	-0	776.758	548	436	1	0	0	1	IRID080
B	1	B*48:01:01G	1	-14	868.372	400	363	1	0	0	1	IRID080
B	2	B*51:01:01G	1	-14	868.372	400	363	1	0	0	1	IRID080
C	1	C*03:04:01G	1	-4	744	503	362	1	0	0	1	IRID080
C	2	C*08:03:01G	1	-4	744	503	362	1	0	0	1	IRID080
DQA1	1	DQA1*01:01:01G	0.1	-0	0	0	0	0	0	0	1	IRID080
DQA1	2	DQA1*01:01:01G	0.00526316	-0	0	0	0	0	0	0	1	IRID080
DQB1	1	DQB1*03:03:02G	1	-0	19.9444	7	6	1	0	0	1	IRID080
DQB1	2	DQB1*03:01:01G	0.999996	-0	19.9444	7	6	1	0	0	1	IRID080
DRB1	1	DRB1*09:01:02G	1	-0	280.931	197	160	1	0	0	1	IRID080
DRB1	2	DRB1*14:02:01	1	-0	280.931	197	160	1	0	0	0	IRID080
DPA1	1	DPA1*01:03:01G	0.149265	-0	0.487805	0	0	0.416667	0	0	1	IRID080
DPA1	2	DPA1*01:03:01G	0.00694213	-0	0.487805	0	0	0.416667	0	0	1	IRID080
DPB1	1	DPB1*04:02:01G	1	-1	101.189	28	23	1	3.74336e-05	0	1	IRID080
DPB1	2	DPB1*14:01:01	1	-1	101.189	28	23	1	3.74336e-05	0	0	IRID080
DRB3	1	DRB3*01:01:02G	1	-0	117.159	80	58	1	0	0	1	IRID080
DRB3	2	DRB3*01:01:02G	1	-0	117.159	80	58	1	0	0	1	IRID080
DRB4	1	DRB4*01:01:01G	1	-0	113.949	33	25	1	0	0	1	IRID080
DRB4	2	DRB4*01:01:01G	1	-0	113.949	33	25	1	0	0	1	IRID080
E	1	E*01:01:01G	1	-0	1416.54	897	678	1	0	0	1	IRID080
E	2	E*01:01:01G	1	-0	1416.54	897	678	1	0	0	1	IRID080
F	1	F*01:01:01G	1	-0	284.606	80	63	1	0	0	1	IRID080
F	2	F*01:01:01G	1	-0	284.606	80	63	1	0	0	1	IRID080
G	1	G*01:01:01G	1	-0	1262.66	541	428	1	0	0	1	IRID080
G	2	G*01:01:02G	1	-0	1262.66	541	428	1	0	0	1	IRID080
A	1	A*02:01:01G	1	-58	1055.42	703	560	1	0	0	1	IRID084
A	2	A*31:01:02G	1	-58	1055.42	703	560	1	0	0	1	IRID084
B	1	B*35:01:01G	1	-9	1016.29	611	547	1	1.74154e-06	0	1	IRID084
B	2	B*48:01:01G	1	-9	1016.29	611	547	1	1.74154e-06	0	1	IRID084
C	1	C*04:01:01G	1	-0	887.365	514	378	1	0	0	1	IRID084
C	2	C*04:01:01G	1	-0	887.365	514	378	1	0	0	1	IRID084
DQA1	1	DQA1*03:01:01G	0.568966	-0	1.26506	0	0	0.342466	0	0	1	IRID084
DQA1	2	DQA1*03:01:01G	0.137931	-0	1.26506	0	0	0.342466	0	0	1	IRID084
DQB1	1	DQB1*03:03:02G	0.991259	-1	18.4778	4	2	1	0.000200441	0	1	IRID084
DQB1	2	DQB1*03:03:02G	0.554711	-1	18.4778	4	2	1	0.000200441	0	1	IRID084
DRB1	1	DRB1*09:01:02G	1	-0	215.516	133	101	1	0	0	1	IRID084
DRB1	2	DRB1*09:01:02G	1	-0	215.516	133	101	1	0	0	1	IRID084
DPA1	1	DPA1*01:03:01G	0.0555556	-0	0	0	0	0	0	0	1	IRID084
DPA1	2	DPA1*01:03:01G	0.0015873	-0	0	0	0	0	0	0	1	IRID084
DPB1	1	DPB1*02:01:02G	1	-0	167.371	53	25	1	0	0	1	IRID084
DPB1	2	DPB1*04:02:01G	1	-0	167.371	53	25	1	0	0	1	IRID084
DRB3	1	DRB3*01:01:02G	0.0377358	-0	0	0	0	0.320833	0	0	1	IRID084
DRB3	2	DRB3*01:01:02G	0.000725689	-0	0	0	0	0.320833	0	0	1	IRID084
DRB4	1	DRB4*01:01:01G	1	-0	285.953	67	48	1	0	0	1	IRID084
DRB4	2	DRB4*01:01:01G	1	-0	285.953	67	48	1	0	0	1	IRID084
E	1	E*01:01:01G	1	-0	1701.18	1023	727	1	0	0	1	IRID084
E	2	E*01:03:02G	1	-0	1701.18	1023	727	1	0	0	1	IRID084
F	1	F*01:01:01G	1	-0	342.245	98	60	1	0	0	1	IRID084
F	2	F*01:01:01G	1	-0	342.245	98	60	1	0	0	1	IRID084
G	1	G*01:01:01G	1	-0	1481.97	595	411	1	0	0	1	IRID084
G	2	G*01:03:01G	1	-0	1481.97	595	411	1	0	0	1	IRID084
A	1	A*33:01:01	1	-510	1007.8	669	564	1	0.00063669	0	0	IRID086
A	2	A*68:01:02G	1	-510	1007.8	669	564	1	0.00063669	0	1	IRID086
B	1	B*14:02:01	1	-5	850.793	463	438	1	6.24092e-06	0	0	IRID086
B	2	B*39:06:01	1	-5	850.793	463	438	1	6.24092e-06	0	1	IRID086
C	1	C*07:02:01G	1	-4	822.254	515	404	1	8.28736e-06	0	1	IRID086
C	2	C*08:02:01G	1	-4	822.254	515	404	1	8.28736e-06	0	1	IRID086
DQA1	1	DQA1*01:01:01G	0.1	-0	0	0	0	0	0	0	1	IRID086
DQA1	2	DQA1*01:01:01G	0.00526316	-0	0	0	0	0	0	0	1	IRID086
DQB1	1	DQB1*02:01:01G	1	-2	37.6778	17	11	1	9.82994e-05	0	1	IRID086
DQB1	2	DQB1*03:01:01G	0.998664	-2	37.6778	17	11	1	9.82994e-05	0	1	IRID086
DRB1	1	DRB1*03:01:01G	1	-2	430.131	304	247	1	0	0	1	IRID086
DRB1	2	DRB1*14:02:01	1	-2	430.131	304	247	1	0	0	0	IRID086
DPA1	1	DPA1*01:03:01G	0.0555556	-0	0	0	0	0	0	0	1	IRID086
DPA1	2	DPA1*01:03:01G	0.0015873	-0	0	0	0	0	0	0	1	IRID086
DPB1	1	DPB1*02:01:02G	1	-1	112.284	36	20	1	0	0	1	IRID086
DPB1	2	DPB1*14:01:01	1	-1	112.284	36	20	1	0	0	0	IRID086
DRB3	1	DRB3*01:01:02G	1	-0	218.671	150	118	1	0	0	1	IRID086
DRB3	2	DRB3*02:02:01G	1	-0	218.671	150	118	1	0	0	1	IRID086
DRB4	1	DRB4*03:01N	1	-0	159	159	159	-1	0	0	1	IRID086
DRB4	2	DRB4*03:01N	1	-0	159	159	159	-1	0	0	1	IRID086
E	1	E*01:01:01G	1	-0	1433.28	827	663	1	0	0	1	IRID086
E	2	E*01:03:01G	1	-0	1433.28	827	663	1	0	0	1	IRID086
F	1	F*01:01:01G	1	-0	274.136	92	82	1	0	0	1	IRID086
F	2	F*01:01:01G	1	-0	274.136	92	82	1	0	0	1	IRID086
G	1	G*01:01:02G	1	-0	1294.61	644	474	1	0	0	1	IRID086
G	2	G*01:03:01G	1	-0	1294.61	644	474	1	0	0	1	IRID086
A	1	A*02:01:01G	1	-13	1201	798	599	1	0	0	1	IRID089
A	2	A*03:01:01G	1	-13	1201	798	599	1	0	0	1	IRID089
B	1	B*15:04:01	1	-26	1033.48	630	549	1	2.91138e-05	0	0	IRID089
B	2	B*35:01:01G	1	-26	1033.48	630	549	1	2.91138e-05	0	1	IRID089
C	1	C*01:02:01G	1	-8	1061.83	616	412	1	0	0	1	IRID089
C	2	C*04:01:01G	1	-8	1061.83	616	412	1	0	0	1	IRID089
DQA1	1	DQA1*01:01:01G	0.1	-0	0	0	0	0	0	0	1	IRID089
DQA1	2	DQA1*01:01:01G	0.00526316	-0	0	0	0	0	0	0	1	IRID089
DQB1	1	DQB1*06:04:01G	1	-4	19.5259	5	2	1	0.000569044	0	1	IRID089
DQB1	2	DQB1*03:01:01G	0.0909036	-4	19.5259	5	2	0.870833	0.000569044	0	1	IRID089
DRB1	1	DRB1*13:02:01	1	-2	643.895	455	371	1	0	0	0	IRID089
DRB1	2	DRB1*14:02:01	1	-2	643.895	455	371	1	0	0	0	IRID089
DPA1	1	DPA1*01:03:01G	0.0555556	-0	0	0	0	0	0	0	1	IRID089
DPA1	2	DPA1*01:03:01G	0.0015873	-0	0	0	0	0	0	0	1	IRID089
DPB1	1	DPB1*02:01:02G	1	-2	163.333	63	38	1	4.63822e-05	0	1	IRID089
DPB1	2	DPB1*14:01:01	1	-2	163.333	63	38	1	4.63822e-05	0	0	IRID089
DRB3	1	DRB3*01:01:02G	1	-2	380.206	302	224	1	0	0	1	IRID089
DRB3	2	DRB3*03:01:01G	1	-2	380.206	302	224	1	0	0	1	IRID089
DRB4	1	DRB4*03:01N	1	-0	204	204	204	-1	0	0	1	IRID089
DRB4	2	DRB4*03:01N	1	-0	204	204	204	-1	0	0	1	IRID089
E	1	E*01:01:01G	1	-0	1843.52	1107	877	1	0	0	1	IRID089
E	2	E*01:03:02G	1	-0	1843.52	1107	877	1	0	0	1	IRID089
F	1	F*01:01:01G	1	-0	357.196	97	84	1	0	0	1	IRID089
F	2	F*01:01:01G	1	-0	357.196	97	84	1	0	0	1	IRID089
G	1	G*01:01:01G	1	-0	1587.16	692	413	1	0	0	1	IRID089
G	2	G*01:01:02G	1	-0	1587.16	692	413	1	0	0	1	IRID089
A	1	A*02:01:01G	1	-10	792.006	497	424	1	1.93356e-06	0	1	IRID024
A	2	A*24:02:01G	1	-10	792.006	497	424	1	1.93356e-06	0	1	IRID024
B	1	B*35:01:01G	1	-4	720.786	371	312	1	2.45553e-06	0	1	IRID024
B	2	B*44:02:01G	1	-4	720.786	371	312	1	2.45553e-06	0	1	IRID024
C	1	C*04:01:01G	1	-5	780.639	475	332	1	0	0	1	IRID024
C	2	C*05:01:01G	1	-5	780.639	475	332	1	0	0	1	IRID024
DQA1	1	DQA1*01:01:01G	0.1	-0	0	0	0	0	0	0	1	IRID024
DQA1	2	DQA1*01:01:01G	0.00526316	-0	0	0	0	0	0	0	1	IRID024
DQB1	1	DQB1*05:03:01G	1	-3	27.8741	9	5	1	0.000398618	0	1	IRID024
DQB1	2	DQB1*06:03:01G	0.999999	-3	27.8741	9	5	0.975	0.000398618	0	1	IRID024
DRB1	1	DRB1*13:01:01G	1	-0	536.349	411	336	1	0	0	1	IRID024
DRB1	2	DRB1*14:01:01G	1	-0	536.349	411	336	1	0	0	1	IRID024
DPA1	1	DPA1*01:03:01G	0.0555556	-0	0	0	0	0	0	0	1	IRID024
DPA1	2	DPA1*01:03:01G	0.0015873	-0	0	0	0	0	0	0	1	IRID024
DPB1	1	DPB1*02:01:02G	1	-0	144.716	56	33	1	0	0	1	IRID024
DPB1	2	DPB1*04:02:01G	1	-0	144.716	56	33	1	0	0	1	IRID024
DRB3	1	DRB3*01:01:02G	1	-2	241.946	169	118	1	0	0	1	IRID024
DRB3	2	DRB3*02:02:01G	1	-2	241.946	169	118	1	0	0	1	IRID024
DRB4	1	DRB4*03:01N	1	-0	119	119	119	-1	0	0	1	IRID024
DRB4	2	DRB4*03:01N	1	-0	119	119	119	-1	0	0	1	IRID024
E	1	E*01:01:01G	1	-0	1398.81	804	601	1	0	0	1	IRID024
E	2	E*01:01:01G	1	-0	1398.81	804	601	1	0	0	1	IRID024
F	1	F*01:01:01G	1	-0	268.427	61	57	1	0	0	1	IRID024
F	2	F*01:01:01G	1	-0	268.427	61	57	1	0	0	1	IRID024
G	1	G*01:01:01G	0.5	-0	1198.88	562	395	1	0	0	1	IRID024
G	2	G*01:04:01G	0.5	-0	1198.88	562	395	1	0	0	1	IRID024
A	1	A*02:01:01G	1	-1	838.496	599	523	1	0	0	1	IRID090
A	2	A*02:06:05	1	-1	838.496	599	523	1	0	0	1	IRID090
B	1	B*35:01:01G	1	-10	849.027	461	422	1	0	0	1	IRID090
B	2	B*40:02:01G	1	-10	849.027	461	422	1	0	0	1	IRID090
C	1	C*03:04:01G	1	-13	801.688	477	346	1	2.12499e-06	0	1	IRID090
C	2	C*04:01:01G	1	-13	801.688	477	346	1	2.12499e-06	0	1	IRID090
DQA1	1	DQA1*01:01:01G	0.1	-0	0	0	0	0	0	0	1	IRID090
DQA1	2	DQA1*01:01:01G	0.00526316	-0	0	0	0	0	0	0	1	IRID090
DQB1	1	DQB1*03:03:02G	1	-2	14.9741	9	4	1	0.000494682	0	1	IRID090
DQB1	2	DQB1*03:02:01G	0.926814	-2	14.9741	9	4	1	0.000494682	0	1	IRID090
DRB1	1	DRB1*04:04:01	1	-3	345.924	221	170	1	0	0	1	IRID090
DRB1	2	DRB1*09:01:02G	1	-3	345.924	221	170	1	0	0	1	IRID090
DPA1	1	DPA1*01:03:01G	0.0555556	-0	0	0	0	0	0	0	1	IRID090
DPA1	2	DPA1*01:03:01G	0.0015873	-0	0	0	0	0	0	0	1	IRID090
DPB1	1	DPB1*02:01:02G	1	-0	147.913	61	41	1	0	0	1	IRID090
DPB1	2	DPB1*04:02:01G	1	-0	147.913	61	41	1	0	0	1	IRID090
DRB3	1	DRB3*01:01:02G	0.0377358	-0	0	0	0	0.291667	0	0	1	IRID090
DRB3	2	DRB3*01:01:02G	0.000725689	-0	0	0	0	0.291667	0	0	1	IRID090
DRB4	1	DRB4*01:01:01G	1	-0	239.412	61	50	1	0	0	1	IRID090
DRB4	2	DRB4*01:01:01G	1	-0	239.412	61	50	1	0	0	1	IRID090
E	1	E*01:01:01G	1	-0	1491.3	874	678	1	0	0	1	IRID090
E	2	E*01:03:02G	1	-0	1491.3	874	678	1	0	0	1	IRID090
F	1	F*01:01:01G	1	-0	291.498	73	59	1	0	0	1	IRID090
F	2	F*01:01:01G	1	-0	291.498	73	59	1	0	0	1	IRID090
G	1	G*01:01:01G	1	-0	1297.85	604	473	1	0	0	1	IRID090
G	2	G*01:01:01G	1	-0	1297.85	604	473	1	0	0	1	IRID090
A	1	A*02:01:01G	1	-5	732.008	503	414	1	1.04602e-05	0	1	IRID068
A	2	A*02:01:01G	1	-5	732.008	503	414	1	1.04602e-05	0	1	IRID068
B	1	B*15:04:01	1	-26	767.972	447	350	1	3.68745e-05	0	0	IRID068
B	2	B*35:01:01G	1	-26	767.972	447	350	1	3.68745e-05	0	1	IRID068
C	1	C*01:02:01G	1	-0	851.109	462	347	1	0	0	1	IRID068
C	2	C*01:02:01G	1	-0	851.109	462	347	1	0	0	1	IRID068
DQA1	1	DQA1*01:01:01G	0.1	-0	0	0	0	0	0	0	1	IRID068
DQA1	2	DQA1*01:01:01G	0.00526316	-0	0	0	0	0	0	0	1	IRID068
DQB1	1	DQB1*03:03:02G	1	-1	9.94074	5	3	1	0.000372578	0	1	IRID068
DQB1	2	DQB1*03:01:01G	0.99775	-1	9.94074	5	3	1	0.000372578	0	1	IRID068
DRB1	1	DRB1*09:02:01	1	-3089	655.967	434	252	1	0.00933528	6	1	IRID068
DRB1	2	DRB1*16:02:01	1	-3089	655.967	434	252	1	0.00933528	6	0	IRID068
DPA1	1	DPA1*01:03:01G	0.0555556	-0	0	0	0	0	0	0	1	IRID068
DPA1	2	DPA1*01:03:01G	0.0015873	-0	0	0	0	0	0	0	1	IRID068
DPB1	1	DPB1*04:01:01G	1	-1	105.284	43	29	1	3.59777e-05	0	1	IRID068
DPB1	2	DPB1*04:02:01G	1	-1	105.284	43	29	1	3.59777e-05	0	1	IRID068
DRB3	1	DRB3*01:01:02G	0.0377358	-0	0	0	0	0.3625	0	0	1	IRID068
DRB3	2	DRB3*01:01:02G	0.000725689	-0	0	0	0	0.3625	0	0	1	IRID068
DRB4	1	DRB4*01:01:01G	1	-0	107.852	27	15	1	0	0	1	IRID068
DRB4	2	DRB4*01:01:01G	1	-0	107.852	27	15	1	0	0	1	IRID068
E	1	E*01:01:01G	1	-0	1434.83	907	710	1	0	0	1	IRID068
E	2	E*01:01:01G	1	-0	1434.83	907	710	1	0	0	1	IRID068
F	1	F*01:01:01G	1	-0	266.582	70	33	1	0	0	1	IRID068
F	2	F*01:01:01G	1	-0	266.582	70	33	1	0	0	1	IRID068
G	1	G*01:01:01G	1	-0	1185.57	583	451	1	0	0	1	IRID068
G	2	G*01:01:02G	1	-0	1185.57	583	451	1	0	0	1	IRID068
A	1	A*02:105	1	-282	885.317	573	526	1	0.000256006	0	1	IRID069
A	2	A*31:01:02G	1	-282	885.317	573	526	1	0.000256006	0	1	IRID069
B	1	B*40:02:01G	1	-0	813.303	444	388	1	0	0	1	IRID069
B	2	B*40:02:01G	1	-0	813.303	444	388	1	0	0	1	IRID069
C	1	C*03:04:01G	1	-3	736.576	518	382	1	6.9385e-06	0	1	IRID069
C	2	C*03:04:01G	1	-3	736.576	518	382	1	6.9385e-06	0	1	IRID069
DQA1	1	DQA1*03:01:01G	1	-0	1.18072	0	0	0.442922	0	0	1	IRID069
DQA1	2	DQA1*03:01:01G	0.181813	-0	1.18072	0	0	0.442922	0	0	1	IRID069
DQB1	1	DQB1*03:02:01G	0.96883	-2	8.68148	3	2	1	0.000853242	0	1	IRID069
DQB1	2	DQB1*03:02:01G	0.480516	-2	8.68148	3	2	1	0.000853242	0	1	IRID069
DRB1	1	DRB1*04:11:01	1	-0	442.495	269	189	1	0	0	1	IRID069
DRB1	2	DRB1*04:11:01	1	-0	442.495	269	189	1	0	0	1	IRID069
DPA1	1	DPA1*01:03:01G	0.0555556	-0	0	0	0	0	0	0	1	IRID069
DPA1	2	DPA1*01:03:01G	0.0015873	-0	0	0	0	0	0	0	1	IRID069
DPB1	1	DPB1*04:02:01G	1	-0	110.614	40	25	1	0	0	1	IRID069
DPB1	2	DPB1*14:01:01	1	-0	110.614	40	25	1	0	0	0	IRID069
DRB3	1	DRB3*01:01:02G	0.0377358	-0	0	0	0	0.116667	0	0	1	IRID069
DRB3	2	DRB3*01:01:02G	0.000725689	-0	0	0	0	0.116667	0	0	1	IRID069
DRB4	1	DRB4*01:01:01G	1	-0	240.783	61	43	1	0	0	1	IRID069
DRB4	2	DRB4*01:01:01G	1	-0	240.783	61	43	1	0	0	1	IRID069
E	1	E*01:01:01G	1	-0	1475.88	937	710	1	0	0	1	IRID069
E	2	E*01:03:01G	1	-0	1475.88	937	710	1	0	0	1	IRID069
F	1	F*01:01:01G	1	-0	283.19	74	54	1	0	0	1	IRID069
F	2	F*01:01:01G	1	-0	283.19	74	54	1	0	0	1	IRID069
G	1	G*01:01:01G	1	-0	1211.65	496	427	1	0	0	1	IRID069
G	2	G*01:03:01G	1	-0	1211.65	496	427	1	0	0	1	IRID069
A	1	A*02:01:01G	1	-4	1036.29	613	552	1	1.47777e-06	0	1	IRID071
A	2	A*24:02:01G	1	-4	1036.29	613	552	1	1.47777e-06	0	1	IRID071
B	1	B*39:09:01	1	-7	1134.15	694	613	1	0	0	0	IRID071
B	2	B*48:01:01G	1	-7	1134.15	694	613	1	0	0	1	IRID071
C	1	C*07:02:01G	1	-4	1032.98	671	465	1	3.29838e-06	0	1	IRID071
C	2	C*08:03:01G	1	-4	1032.98	671	465	1	3.29838e-06	0	1	IRID071
DQA1	1	DQA1*01:01:01G	0.1	-0	0	0	0	0	0	0	1	IRID071
DQA1	2	DQA1*01:01:01G	0.00526316	-0	0	0	0	0	0	0	1	IRID071
DQB1	1	DQB1*04:02:01G	0.999666	-16	15.8556	7	1	1	0.00186872	0	1	IRID071
DQB1	2	DQB1*03:02:01G	0.997336	-16	15.8556	7	1	0.945833	0.00186872	0	1	IRID071
DRB1	1	DRB1*04:04:01	1	-4	519.796	374	303	1	0	0	1	IRID071
DRB1	2	DRB1*08:02:01	1	-4	519.796	374	303	1	0	0	0	IRID071
DPA1	1	DPA1*01:03:01G	0.0555556	-0	0	0	0	0	0	0	1	IRID071
DPA1	2	DPA1*01:03:01G	0.0015873	-0	0	0	0	0	0	0	1	IRID071
DPB1	1	DPB1*04:02:01G	1	-0	173.072	49	37	1	0	0	1	IRID071
DPB1	2	DPB1*04:02:01G	1	-0	173.072	49	37	1	0	0	1	IRID071
DRB3	1	DRB3*01:01:02G	0.0377358	-0	0	0	0	0.154167	0	0	1	IRID071
DRB3	2	DRB3*01:01:02G	0.000725689	-0	0	0	0	0.154167	0	0	1	IRID071
DRB4	1	DRB4*01:01:01G	1	-0	149.949	38	33	1	2.40755e-05	0	1	IRID071
DRB4	2	DRB4*01:01:01G	1	-0	149.949	38	33	1	2.40755e-05	0	1	IRID071
E	1	E*01:01:01G	1	-0	1866.79	1166	982	1	0	0	1	IRID071
E	2	E*01:01:01G	1	-0	1866.79	1166	982	1	0	0	1	IRID071
F	1	F*01:01:01G	1	-0	334.625	76	69	1	0	0	1	IRID071
F	2	F*01:01:01G	1	-0	334.625	76	69	1	0	0	1	IRID071
G	1	G*01:01:02G	1	-0	1561.38	706	499	1	0	0	1	IRID071
G	2	G*01:01:02G	1	-0	1561.38	706	499	1	0	0	1	IRID071
A	1	A*02:01:01G	1	-610	982.729	699	563	1	0.000710588	0	1	IRID073
A	2	A*68:17	1	-610	982.729	699	563	1	0.000710588	0	1	IRID073
B	1	B*15:04:01	1	-25	957.074	523	440	1	4.06845e-05	0	0	IRID073
B	2	B*35:43:01G	1	-25	957.074	523	440	1	4.06845e-05	0	1	IRID073
C	1	C*01:02:01G	1	-3	981.007	582	376	1	5.20968e-06	0	1	IRID073
C	2	C*01:02:01G	1	-3	981.007	582	376	1	5.20968e-06	0	1	IRID073
DQA1	1	DQA1*01:01:01G	0.1	-0	0	0	0	0	0	0	1	IRID073
DQA1	2	DQA1*01:01:01G	0.00526316	-0	0	0	0	0	0	0	1	IRID073
DQB1	1	DQB1*03:01:01G	0.249563	-1	5.62593	1	1	0.829167	0.000658328	0	1	IRID073
DQB1	2	DQB1*03:02:01G	0.0415629	-1	5.62593	1	1	0.775	0.000658328	0	1	IRID073
DRB1	1	DRB1*04:07:01G	1	-4	438.633	307	237	1	0	0	1	IRID073
DRB1	2	DRB1*14:02:01	1	-4	438.633	307	237	1	0	0	0	IRID073
DPA1	1	DPA1*01:03:01G	0.0555556	-0	0	0	0	0	0	0	1	IRID073
DPA1	2	DPA1*01:03:01G	0.0015873	-0	0	0	0	0	0	0	1	IRID073
DPB1	1	DPB1*04:01:01G	1	-1	131.633	47	28	1	2.87762e-05	0	1	IRID073
DPB1	2	DPB1*14:01:01	1	-1	131.633	47	28	1	2.87762e-05	0	0	IRID073
DRB3	1	DRB3*01:01:02G	1	-0	126.708	91	70	1	0	0	1	IRID073
DRB3	2	DRB3*01:01:02G	1	-0	126.708	91	70	1	0	0	1	IRID073
DRB4	1	DRB4*01:01:01G	1	-0	229.307	124	117	1	0	0	1	IRID073
DRB4	2	DRB4*03:01N	1	-0	229.307	124	117	-1	0	0	1	IRID073
E	1	E*01:01:01G	1	-5	1518.94	906	672	1	6.0289e-06	0	1	IRID073
E	2	E*01:01:01G	1	-5	1518.94	906	672	1	6.0289e-06	0	1	IRID073
F	1	F*01:01:01G	1	-0	298.304	92	57	1	0	0	1	IRID073
F	2	F*01:01:01G	1	-0	298.304	92	57	1	0	0	1	IRID073
G	1	G*01:01:02G	1	-0	1331.07	627	450	1	0	0	1	IRID073
G	2	G*01:01:02G	1	-0	1331.07	627	450	1	0	0	1	IRID073
A	1	A*02:01:01G	1	-11	804.956	446	393	1	9.51229e-06	0	1	IRID074
A	2	A*24:02:01G	1	-11	804.956	446	393	1	9.51229e-06	0	1	IRID074
B	1	B*15:01:01G	1	-19	788.533	411	363	1	1.12228e-05	0	1	IRID074
B	2	B*40:04	1	-19	788.533	411	363	1	1.12228e-05	0	1	IRID074
C	1	C*01:02:01G	1	-11	755.663	477	313	1	2.25442e-06	0	1	IRID074
C	2	C*03:04:01G	1	-11	755.663	477	313	1	2.25442e-06	0	1	IRID074
DQA1	1	DQA1*01:01:01G	0.1	-0	0	0	0	0	0	0	1	IRID074
DQA1	2	DQA1*01:01:01G	0.00526316	-0	0	0	0	0	0	0	1	IRID074
DQB1	1	DQB1*03:03:02G	0.998565	-3	11.6333	6	2	1	0.00095511	0	1	IRID074
DQB1	2	DQB1*03:02:01G	0.125032	-3	11.6333	6	2	1	0.00095511	0	1	IRID074
DRB1	1	DRB1*04:07:01G	1	-2	235.015	160	119	1	0	0	1	IRID074
DRB1	2	DRB1*09:01:02G	1	-2	235.015	160	119	1	0	0	1	IRID074
DPA1	1	DPA1*01:03:01G	0.0555556	-0	0	0	0	0	0	0	1	IRID074
DPA1	2	DPA1*01:03:01G	0.0015873	-0	0	0	0	0	0	0	1	IRID074
DPB1	1	DPB1*03:01:01G	1	-0	99.6818	30	19	1	0	0	1	IRID074
DPB1	2	DPB1*04:02:01G	1	-0	99.6818	30	19	1	0	0	1	IRID074
DRB3	1	DRB3*01:01:02G	0.18226	-1	0.66787	0	0	0.566667	0.00540541	0	1	IRID074
DRB3	2	DRB3*01:01:02G	0.0062843	-1	0.66787	0	0	0.566667	0.00540541	0	1	IRID074
DRB4	1	DRB4*01:01:01G	1	-0	227.924	91	60	1	0	0	1	IRID074
DRB4	2	DRB4*01:01:01G	1	-0	227.924	91	60	1	0	0	1	IRID074
E	1	E*01:01:01G	1	-0	1298.04	762	603	1	0	0	1	IRID074
E	2	E*01:03:02G	1	-0	1298.04	762	603	1	0	0	1	IRID074
F	1	F*01:01:01G	1	-0	241.656	60	55	1	0	0	1	IRID074
F	2	F*01:01:01G	1	-0	241.656	60	55	1	0	0	1	IRID074
G	1	G*01:01:01G	0.999998	-0	1169.82	535	400	1	0	0	1	IRID074
G	2	G*01:04:01G	0.999998	-0	1169.82	535	400	1	0	0	1	IRID074
A	1	A*24:02:01G	1	-16	1042.34	580	508	1	1.46918e-06	0	1	IRID076
A	2	A*68:01:02G	1	-16	1042.34	580	508	1	1.46918e-06	0	1	IRID076
B	1	B*35:43:01G	1	-16	1042.73	519	444	1	5.09213e-06	0	1	IRID076
B	2	B*48:01:01G	1	-16	1042.73	519	444	1	5.09213e-06	0	1	IRID076
C	1	C*01:02:01G	1	-12	903.351	556	364	1	9.42921e-06	0	1	IRID076
C	2	C*08:03:01G	1	-12	903.351	556	364	1	9.42921e-06	0	1	IRID076
DQA1	1	DQA1*01:01:01G	0.1	-0	0	0	0	0	0	0	1	IRID076
DQA1	2	DQA1*01:01:01G	0.00526316	-0	0	0	0	0	0	0	1	IRID076
DQB1	1	DQB1*03:03:02G	1	-4	12.7333	5	4	1	0.00116347	0	1	IRID076
DQB1	2	DQB1*03:02:01G	0.574511	-4	12.7333	5	4	1	0.00116347	0	1	IRID076
DRB1	1	DRB1*04:04:01	1	-6	386.865	253	206	1	1.87991e-05	0	1	IRID076
DRB1	2	DRB1*09:01:02G	1	-6	386.865	253	206	1	1.87991e-05	0	1	IRID076
DPA1	1	DPA1*01:03:01G	0.0555556	-0	0	0	0	0	0	0	1	IRID076
DPA1	2	DPA1*01:03:01G	0.0015873	-0	0	0	0	0	0	0	1	IRID076
DPB1	1	DPB1*04:02:01G	1	-0	167.727	79	53	1	0	0	1	IRID076
DPB1	2	DPB1*04:02:01G	1	-0	167.727	79	53	1	0	0	1	IRID076
DRB3	1	DRB3*01:01:02G	0.0377358	-0	0	0	0	0.291667	0	0	1	IRID076
DRB3	2	DRB3*01:01:02G	0.000725689	-0	0	0	0	0.291667	0	0	1	IRID076
DRB4	1	DRB4*01:01:01G	1	-0	246.509	73	47	1	0	0	1	IRID076
DRB4	2	DRB4*01:01:01G	1	-0	246.509	73	47	1	0	0	1	IRID076
E	1	E*01:01:01G	1	-0	1601.04	956	739	1	0	0	1	IRID076
E	2	E*01:01:01G	1	-0	1601.04	956	739	1	0	0	1	IRID076
F	1	F*01:01:01G	1	-0	324.491	82	72	1	0	0	1	IRID076
F	2	F*01:01:01G	1	-0	324.491	82	72	1	0	0	1	IRID076
G	1	G*01:01:02G	1	-0	1399.58	604	426	1	0	0	1	IRID076
G	2	G*01:04:01G	1	-0	1399.58	604	426	1	0	0	1	IRID076
